{"overrides":[{"predicate":{"custom_model_data":1},"model":"modelengine:illidan/hip"},{"predicate":{"custom_model_data":2},"model":"modelengine:illidan/right_leg"},{"predicate":{"custom_model_data":3},"model":"modelengine:illidan/left_leg"},{"predicate":{"custom_model_data":4},"model":"modelengine:illidan/belt"},{"predicate":{"custom_model_data":5},"model":"modelengine:illidan/spine"},{"predicate":{"custom_model_data":6},"model":"modelengine:illidan/right_knee"},{"predicate":{"custom_model_data":7},"model":"modelengine:illidan/left_knee"},{"predicate":{"custom_model_data":8},"model":"modelengine:illidan/belt_2"},{"predicate":{"custom_model_data":9},"model":"modelengine:illidan/chest"},{"predicate":{"custom_model_data":10},"model":"modelengine:illidan/right_foot"},{"predicate":{"custom_model_data":11},"model":"modelengine:illidan/left_foot"},{"predicate":{"custom_model_data":12},"model":"modelengine:illidan/belt_3"},{"predicate":{"custom_model_data":13},"model":"modelengine:illidan/left_wing"},{"predicate":{"custom_model_data":14},"model":"modelengine:illidan/right_arm"},{"predicate":{"custom_model_data":15},"model":"modelengine:illidan/left_arm"},{"predicate":{"custom_model_data":16},"model":"modelengine:illidan/head"},{"predicate":{"custom_model_data":17},"model":"modelengine:illidan/right_wing"},{"predicate":{"custom_model_data":18},"model":"modelengine:illidan/belt_4"},{"predicate":{"custom_model_data":19},"model":"modelengine:illidan/left_wing_mid"},{"predicate":{"custom_model_data":20},"model":"modelengine:illidan/right_elbow"},{"predicate":{"custom_model_data":21},"model":"modelengine:illidan/left_elbow"},{"predicate":{"custom_model_data":22},"model":"modelengine:illidan/tail"},{"predicate":{"custom_model_data":23},"model":"modelengine:illidan/right_hair"},{"predicate":{"custom_model_data":24},"model":"modelengine:illidan/hair"},{"predicate":{"custom_model_data":25},"model":"modelengine:illidan/left_ear"},{"predicate":{"custom_model_data":26},"model":"modelengine:illidan/left_hair"},{"predicate":{"custom_model_data":27},"model":"modelengine:illidan/right_ear"},{"predicate":{"custom_model_data":28},"model":"modelengine:illidan/right_wing_mid"},{"predicate":{"custom_model_data":29},"model":"modelengine:illidan/left_wing_outer6"},{"predicate":{"custom_model_data":30},"model":"modelengine:illidan/left_wing_outer5"},{"predicate":{"custom_model_data":31},"model":"modelengine:illidan/left_wing_outer4"},{"predicate":{"custom_model_data":32},"model":"modelengine:illidan/right_fist"},{"predicate":{"custom_model_data":33},"model":"modelengine:illidan/left_fist"},{"predicate":{"custom_model_data":34},"model":"modelengine:illidan/tail2"},{"predicate":{"custom_model_data":35},"model":"modelengine:illidan/hair_2"},{"predicate":{"custom_model_data":36},"model":"modelengine:illidan/right_wing_outer3"},{"predicate":{"custom_model_data":37},"model":"modelengine:illidan/right_wing_outer"},{"predicate":{"custom_model_data":38},"model":"modelengine:illidan/right_wing_outer7"},{"predicate":{"custom_model_data":39},"model":"modelengine:illidan/left_wing_outer_tip6"},{"predicate":{"custom_model_data":40},"model":"modelengine:illidan/left_wing_outer_tip5"},{"predicate":{"custom_model_data":41},"model":"modelengine:illidan/left_wing_outer_tip4"},{"predicate":{"custom_model_data":42},"model":"modelengine:illidan/right_pointy6"},{"predicate":{"custom_model_data":43},"model":"modelengine:illidan/glaive3"},{"predicate":{"custom_model_data":44},"model":"modelengine:illidan/right_thumb"},{"predicate":{"custom_model_data":45},"model":"modelengine:illidan/right_pointy5"},{"predicate":{"custom_model_data":46},"model":"modelengine:illidan/right_pointy7"},{"predicate":{"custom_model_data":47},"model":"modelengine:illidan/right_pointy8"},{"predicate":{"custom_model_data":48},"model":"modelengine:illidan/left_thumb"},{"predicate":{"custom_model_data":49},"model":"modelengine:illidan/glaive2"},{"predicate":{"custom_model_data":50},"model":"modelengine:illidan/left_pointy2"},{"predicate":{"custom_model_data":51},"model":"modelengine:illidan/left_pointy4"},{"predicate":{"custom_model_data":52},"model":"modelengine:illidan/left_pointy"},{"predicate":{"custom_model_data":53},"model":"modelengine:illidan/left_pointy3"},{"predicate":{"custom_model_data":54},"model":"modelengine:illidan/tail3"},{"predicate":{"custom_model_data":55},"model":"modelengine:illidan/hair_3"},{"predicate":{"custom_model_data":56},"model":"modelengine:illidan/right_wing_outer_tip3"},{"predicate":{"custom_model_data":57},"model":"modelengine:illidan/right_wing_outer_tip"},{"predicate":{"custom_model_data":58},"model":"modelengine:illidan/right_wing_outer_tip7"},{"predicate":{"custom_model_data":59},"model":"modelengine:illidan/blade5"},{"predicate":{"custom_model_data":60},"model":"modelengine:illidan/blade2"},{"predicate":{"custom_model_data":61},"model":"modelengine:illidan/blade4"},{"predicate":{"custom_model_data":62},"model":"modelengine:illidan/blade3"},{"predicate":{"custom_model_data":63},"model":"modelengine:illidan/tail4"},{"predicate":{"custom_model_data":64},"model":"modelengine:illidan/tail5"},{"predicate":{"custom_model_data":65},"model":"modelengine:illidan/tail6"},{"predicate":{"custom_model_data":66},"model":"modelengine:illidan/tail7"}],"parent":"minecraft:item/generated","textures":{"layer0":"minecraft:item/leather_horse_armor"}}