{"textures":{"0":"modelengine:entity/illidan","particle":"#0"},"elements":[{"from":[3.5,0.0,8.0],"to":[12.5,8.0,8.0],"faces":{"south":{"uv":[11.25,2.0,11.805,2.485],"tintindex":0,"rotation":0,"texture":"#0"},"north":{"uv":[11.2575,2.0075,11.8125,2.4925],"tintindex":0,"rotation":0,"texture":"#0"}}}],"display":{"head":{"rotation":[0.0,0.0,0.0]},"firstperson_righthand":{"rotation":[0.0,0.0,0.0]},"thirdperson_lefthand":{"rotation":[0.0,-0.0,-0.0]},"firstperson_lefthand":{"rotation":[0.0,-0.0,-0.0]},"fixed":{"rotation":[0.0,0.0,0.0]},"ground":{"rotation":[0.0,0.0,0.0]},"thirdperson_righthand":{"rotation":[0.0,0.0,0.0]},"gui":{"rotation":[-150.0,-45.0,180.0]}}}