{"textures":{"0":"modelengine:entity/illidan","particle":"#0"},"elements":[{"from":[1.5,0.0,8.05],"to":[14.5,10.0,8.05],"faces":{"south":{"uv":[1.625,9.125,2.43,9.735],"tintindex":0,"rotation":0,"texture":"#0"},"north":{"uv":[1.6325,9.1325,2.4375,9.7425],"tintindex":0,"rotation":0,"texture":"#0"}}}],"display":{"head":{"rotation":[0.0,0.0,0.0]},"firstperson_righthand":{"rotation":[0.0,0.0,0.0]},"thirdperson_lefthand":{"rotation":[0.0,-0.0,-0.0]},"firstperson_lefthand":{"rotation":[0.0,-0.0,-0.0]},"fixed":{"rotation":[0.0,0.0,0.0]},"ground":{"rotation":[0.0,0.0,0.0]},"thirdperson_righthand":{"rotation":[0.0,0.0,0.0]},"gui":{"rotation":[-150.0,-45.0,180.0]}}}