{"textures":{"0":"modelengine:entity/illidan","particle":"#0"},"elements":[{"from":[1.5,0.0,8.0],"to":[14.5,10.0,8.0],"faces":{"south":{"uv":[3.75,9.0,4.555,9.61],"tintindex":0,"rotation":0,"texture":"#0"},"north":{"uv":[3.7575,9.0075,4.5625,9.6175],"tintindex":0,"rotation":0,"texture":"#0"}}}],"display":{"head":{"rotation":[0.0,0.0,0.0]},"firstperson_righthand":{"rotation":[0.0,0.0,0.0]},"thirdperson_lefthand":{"rotation":[0.0,-0.0,-0.0]},"firstperson_lefthand":{"rotation":[0.0,-0.0,-0.0]},"fixed":{"rotation":[0.0,0.0,0.0]},"ground":{"rotation":[0.0,0.0,0.0]},"thirdperson_righthand":{"rotation":[0.0,0.0,0.0]},"gui":{"rotation":[-150.0,-45.0,180.0]}}}