{"textures":{"0":"modelengine:entity/illidan","particle":"#0"},"elements":[{"from":[8.083333,5.0,10.5],"to":[8.083333,12.333334,25.166668],"faces":{"east":{"uv":[5.4925,4.3825,2.7575,5.7425],"tintindex":0,"rotation":0,"texture":"#0"},"west":{"uv":[2.75,4.375,5.485,5.735],"tintindex":0,"rotation":0,"texture":"#0"}}},{"from":[7.9166665,5.0,10.5],"to":[7.9166665,13.0,25.833334],"faces":{"east":{"uv":[5.7425,1.5075,2.8825,2.9925],"tintindex":0,"rotation":0,"texture":"#0"},"west":{"uv":[2.875,1.5,5.735,2.985],"tintindex":0,"rotation":0,"texture":"#0"}}},{"from":[7.75,5.0,10.5],"to":[7.75,12.333334,25.166668],"faces":{"east":{"uv":[5.4925,4.3825,2.7575,5.7425],"tintindex":0,"rotation":0,"texture":"#0"},"west":{"uv":[2.75,4.375,5.485,5.735],"tintindex":0,"rotation":0,"texture":"#0"}}}],"display":{"head":{"rotation":[0.0,0.0,0.0]},"firstperson_righthand":{"rotation":[0.0,0.0,0.0]},"thirdperson_lefthand":{"rotation":[0.0,-0.0,-0.0]},"firstperson_lefthand":{"rotation":[0.0,-0.0,-0.0]},"fixed":{"rotation":[0.0,0.0,0.0]},"ground":{"rotation":[0.0,0.0,0.0]},"thirdperson_righthand":{"rotation":[0.0,0.0,0.0]},"gui":{"rotation":[-150.0,-45.0,180.0]}}}