{"textures":{"0":"modelengine:entity/illidan","particle":"#0"},"elements":[{"from":[7.75,5.0,-9.166668],"to":[7.75,12.333334,5.5],"faces":{"east":{"uv":[2.7575,4.3825,5.4925,5.7425],"tintindex":0,"rotation":0,"texture":"#0"},"west":{"uv":[5.485,4.375,2.75,5.735],"tintindex":0,"rotation":0,"texture":"#0"}}},{"from":[8.083333,5.0,-9.166668],"to":[8.083333,12.333334,5.5],"faces":{"east":{"uv":[2.7575,4.3825,5.4925,5.7425],"tintindex":0,"rotation":0,"texture":"#0"},"west":{"uv":[5.485,4.375,2.75,5.735],"tintindex":0,"rotation":0,"texture":"#0"}}},{"from":[7.9166665,5.0,-9.833334],"to":[7.9166665,13.0,5.5],"faces":{"east":{"uv":[2.8825,1.5075,5.7425,2.9925],"tintindex":0,"rotation":0,"texture":"#0"},"west":{"uv":[5.735,1.5,2.875,2.985],"tintindex":0,"rotation":0,"texture":"#0"}}}],"display":{"head":{"rotation":[0.0,0.0,0.0]},"firstperson_righthand":{"rotation":[0.0,0.0,0.0]},"thirdperson_lefthand":{"rotation":[0.0,-0.0,-0.0]},"firstperson_lefthand":{"rotation":[0.0,-0.0,-0.0]},"fixed":{"rotation":[0.0,0.0,0.0]},"ground":{"rotation":[0.0,0.0,0.0]},"thirdperson_righthand":{"rotation":[0.0,0.0,0.0]},"gui":{"rotation":[-150.0,-45.0,180.0]}}}