{"textures":{"0":"modelengine:entity/illidan","particle":"#0"},"elements":[{"from":[9.52,8.020002,12.02],"to":[20.48,17.979998,13.98],"faces":{"east":{"uv":[3.9925,11.6325,3.8825,12.2425],"tintindex":0,"rotation":0,"texture":"#0"},"south":{"uv":[8.9375,9.5075,8.2575,10.1175],"tintindex":0,"rotation":0,"texture":"#0"},"north":{"uv":[10.1875,8.0075,9.5075,8.6175],"tintindex":0,"rotation":0,"texture":"#0"},"west":{"uv":[9.1175,9.5075,9.0075,10.1175],"tintindex":0,"rotation":0,"texture":"#0"},"up":{"uv":[14.0075,9.7425,14.6875,9.6325],"tintindex":0,"rotation":0,"texture":"#0"},"down":{"uv":[14.0075,10.8825,14.6875,10.9925],"tintindex":0,"rotation":0,"texture":"#0"}}},{"from":[-7.5,5.5,-4.0],"to":[7.5,17.5,2.0],"faces":{"east":{"uv":[0.0075,11.3825,0.3675,12.1175],"tintindex":0,"rotation":0,"texture":"#0"},"south":{"uv":[0.0075,7.7575,0.9375,8.4925],"tintindex":0,"rotation":0,"texture":"#0"},"north":{"uv":[7.5075,2.0075,8.4375,2.7425],"tintindex":0,"rotation":0,"texture":"#0"},"west":{"uv":[11.3825,6.5075,11.7425,7.2425],"tintindex":0,"rotation":0,"texture":"#0"},"up":{"uv":[11.1875,2.4925,10.2575,2.1325],"tintindex":0,"rotation":0,"texture":"#0"},"down":{"uv":[11.1875,4.0075,10.2575,4.3675],"tintindex":0,"rotation":0,"texture":"#0"}}},{"from":[-6.4799995,19.020002,0.020000229],"to":[1.4799998,21.979998,9.98],"faces":{"east":{"uv":[6.7575,2.7575,7.3675,2.9375],"tintindex":0,"rotation":0,"texture":"#0"},"south":{"uv":[0.0075,13.8825,0.4925,14.0625],"tintindex":0,"rotation":0,"texture":"#0"},"north":{"uv":[13.7575,13.7575,14.2425,13.9375],"tintindex":0,"rotation":0,"texture":"#0"},"west":{"uv":[9.5075,8.6325,10.1175,8.8125],"tintindex":0,"rotation":0,"texture":"#0"},"up":{"uv":[11.4925,4.9925,11.0075,4.3825],"tintindex":0,"rotation":0,"texture":"#0"},"down":{"uv":[11.4925,5.0075,11.0075,5.6175],"tintindex":0,"rotation":0,"texture":"#0"}},"rotation":{"origin":[-0.5,22.0,8.0],"angle":22.5,"axis":"z"}},{"from":[14.52,19.020002,0.020000229],"to":[22.48,21.979998,9.98],"faces":{"east":{"uv":[10.1175,8.6325,9.5075,8.8125],"tintindex":0,"rotation":0,"texture":"#0"},"south":{"uv":[0.4925,13.8825,0.0075,14.0625],"tintindex":0,"rotation":0,"texture":"#0"},"north":{"uv":[14.2425,13.7575,13.7575,13.9375],"tintindex":0,"rotation":0,"texture":"#0"},"west":{"uv":[7.3675,2.7575,6.7575,2.9375],"tintindex":0,"rotation":0,"texture":"#0"},"up":{"uv":[11.0075,4.9925,11.4925,4.3825],"tintindex":0,"rotation":0,"texture":"#0"},"down":{"uv":[11.0075,5.0075,11.4925,5.6175],"tintindex":0,"rotation":0,"texture":"#0"}},"rotation":{"origin":[16.5,22.0,8.0],"angle":-22.5,"axis":"z"}},{"from":[-2.5,21.0,0.0],"to":[3.5,26.0,10.0],"faces":{"east":{"uv":[12.6325,9.3825,13.2425,9.6875],"tintindex":0,"rotation":0,"texture":"#0"},"south":{"uv":[8.5075,13.3825,8.8675,13.6875],"tintindex":0,"rotation":0,"texture":"#0"},"north":{"uv":[8.1325,13.3825,8.4925,13.6875],"tintindex":0,"rotation":0,"texture":"#0"},"west":{"uv":[12.6325,11.1325,13.2425,11.4375],"tintindex":0,"rotation":0,"texture":"#0"},"up":{"uv":[4.6175,12.1175,4.2575,11.5075],"tintindex":0,"rotation":0,"texture":"#0"},"down":{"uv":[9.4925,11.6325,9.1325,12.2425],"tintindex":0,"rotation":0,"texture":"#0"}},"rotation":{"origin":[3.5,26.0,8.0],"angle":45.0,"axis":"z"}},{"from":[12.5,21.0,0.0],"to":[18.5,26.0,10.0],"faces":{"east":{"uv":[13.2425,11.1325,12.6325,11.4375],"tintindex":0,"rotation":0,"texture":"#0"},"south":{"uv":[8.8675,13.3825,8.5075,13.6875],"tintindex":0,"rotation":0,"texture":"#0"},"north":{"uv":[8.4925,13.3825,8.1325,13.6875],"tintindex":0,"rotation":0,"texture":"#0"},"west":{"uv":[13.2425,9.3825,12.6325,9.6875],"tintindex":0,"rotation":0,"texture":"#0"},"up":{"uv":[4.2575,12.1175,4.6175,11.5075],"tintindex":0,"rotation":0,"texture":"#0"},"down":{"uv":[9.1325,11.6325,9.4925,12.2425],"tintindex":0,"rotation":0,"texture":"#0"}},"rotation":{"origin":[12.5,26.0,8.0],"angle":-45.0,"axis":"z"}},{"from":[8.5,5.5,-4.0],"to":[23.5,17.5,2.0],"faces":{"east":{"uv":[11.7425,6.5075,11.3825,7.2425],"tintindex":0,"rotation":0,"texture":"#0"},"south":{"uv":[0.9375,7.7575,0.0075,8.4925],"tintindex":0,"rotation":0,"texture":"#0"},"north":{"uv":[8.4375,2.0075,7.5075,2.7425],"tintindex":0,"rotation":0,"texture":"#0"},"west":{"uv":[0.3675,11.3825,0.0075,12.1175],"tintindex":0,"rotation":0,"texture":"#0"},"up":{"uv":[10.2575,2.4925,11.1875,2.1325],"tintindex":0,"rotation":0,"texture":"#0"},"down":{"uv":[10.2575,4.0075,11.1875,4.3675],"tintindex":0,"rotation":0,"texture":"#0"}}},{"from":[-6.5,6.0,-2.0],"to":[22.5,20.0,12.0],"faces":{"east":{"uv":[7.6325,0.0075,8.4925,0.8675],"tintindex":0,"rotation":0,"texture":"#0"},"south":{"uv":[5.5075,3.8825,7.3125,4.7425],"tintindex":0,"rotation":0,"texture":"#0"},"north":{"uv":[5.5075,3.0075,7.3125,3.8675],"tintindex":0,"rotation":0,"texture":"#0"},"west":{"uv":[7.6325,0.8825,8.4925,1.7425],"tintindex":0,"rotation":0,"texture":"#0"},"up":{"uv":[7.3125,5.6175,5.5075,4.7575],"tintindex":0,"rotation":0,"texture":"#0"},"down":{"uv":[7.3125,5.6325,5.5075,6.4925],"tintindex":0,"rotation":0,"texture":"#0"}}},{"from":[5.5200005,20.020002,10.02],"to":[10.48,23.979998,11.98],"faces":{"east":{"uv":[3.2575,12.0075,3.3675,12.2425],"tintindex":0,"rotation":0,"texture":"#0"},"south":{"uv":[14.0075,11.5075,14.3125,11.7425],"tintindex":0,"rotation":0,"texture":"#0"},"north":{"uv":[11.5075,14.0075,11.8125,14.2425],"tintindex":0,"rotation":0,"texture":"#0"},"west":{"uv":[12.1325,3.3825,12.2425,3.6175],"tintindex":0,"rotation":0,"texture":"#0"},"up":{"uv":[10.8125,9.9925,10.5075,9.8825],"tintindex":0,"rotation":0,"texture":"#0"},"down":{"uv":[11.1875,2.0075,10.8825,2.1175],"tintindex":0,"rotation":0,"texture":"#0"}}},{"from":[3.5200002,20.020002,0.020000229],"to":[12.48,25.979998,9.98],"faces":{"east":{"uv":[12.1325,9.8825,12.7425,10.2425],"tintindex":0,"rotation":0,"texture":"#0"},"south":{"uv":[12.6325,7.8825,13.1875,8.2425],"tintindex":0,"rotation":0,"texture":"#0"},"north":{"uv":[12.6325,6.3825,13.1875,6.7425],"tintindex":0,"rotation":0,"texture":"#0"},"west":{"uv":[12.1325,10.2575,12.7425,10.6175],"tintindex":0,"rotation":0,"texture":"#0"},"up":{"uv":[5.3125,10.8675,4.7575,10.2575],"tintindex":0,"rotation":0,"texture":"#0"},"down":{"uv":[10.8125,7.2575,10.2575,7.8675],"tintindex":0,"rotation":0,"texture":"#0"}}},{"from":[-4.4799995,8.020002,12.02],"to":[6.4799995,17.979998,13.98],"faces":{"east":{"uv":[9.0075,9.5075,9.1175,10.1175],"tintindex":0,"rotation":0,"texture":"#0"},"south":{"uv":[8.2575,9.5075,8.9375,10.1175],"tintindex":0,"rotation":0,"texture":"#0"},"north":{"uv":[9.5075,8.0075,10.1875,8.6175],"tintindex":0,"rotation":0,"texture":"#0"},"west":{"uv":[3.8825,11.6325,3.9925,12.2425],"tintindex":0,"rotation":0,"texture":"#0"},"up":{"uv":[14.6875,9.7425,14.0075,9.6325],"tintindex":0,"rotation":0,"texture":"#0"},"down":{"uv":[14.6875,10.8825,14.0075,10.9925],"tintindex":0,"rotation":0,"texture":"#0"}}}],"display":{"head":{"rotation":[0.0,0.0,0.0]},"firstperson_righthand":{"rotation":[0.0,0.0,0.0]},"thirdperson_lefthand":{"rotation":[0.0,-0.0,-0.0]},"firstperson_lefthand":{"rotation":[0.0,-0.0,-0.0]},"fixed":{"rotation":[0.0,0.0,0.0]},"ground":{"rotation":[0.0,0.0,0.0]},"thirdperson_righthand":{"rotation":[0.0,0.0,0.0]},"gui":{"rotation":[-150.0,-45.0,180.0]}}}