{"textures":{"0":"modelengine:entity/illidan","particle":"#0"},"elements":[{"from":[8.5,6.0,-1.0],"to":[10.5,12.0,1.0],"faces":{"east":{"uv":[14.1325,14.6325,14.2425,14.9925],"tintindex":0,"rotation":0,"texture":"#0"},"south":{"uv":[13.7575,14.6325,13.8675,14.9925],"tintindex":0,"rotation":0,"texture":"#0"},"north":{"uv":[14.0075,14.6325,14.1175,14.9925],"tintindex":0,"rotation":0,"texture":"#0"},"west":{"uv":[13.8825,14.6325,13.9925,14.9925],"tintindex":0,"rotation":0,"texture":"#0"},"up":{"uv":[15.0075,13.5075,15.1175,13.6175],"tintindex":0,"rotation":0,"texture":"#0"},"down":{"uv":[13.6325,15.1175,13.7425,15.0075],"tintindex":0,"rotation":0,"texture":"#0"}}},{"from":[8.5,8.0,2.0],"to":[10.5,10.0,14.0],"faces":{"east":{"uv":[14.7425,9.5075,14.0075,9.6175],"tintindex":0,"rotation":0,"texture":"#0"},"south":{"uv":[14.8675,3.3825,14.7575,3.4925],"tintindex":0,"rotation":0,"texture":"#0"},"north":{"uv":[2.3675,14.5075,2.2575,14.6175],"tintindex":0,"rotation":0,"texture":"#0"},"west":{"uv":[14.7425,9.3825,14.0075,9.4925],"tintindex":0,"rotation":0,"texture":"#0"},"up":{"uv":[10.8825,10.6175,10.9925,9.8825],"tintindex":0,"rotation":0,"texture":"#0"},"down":{"uv":[0.3825,11.3825,0.4925,12.1175],"tintindex":0,"rotation":0,"texture":"#0"}}},{"from":[8.5,6.0,15.0],"to":[10.5,12.0,17.0],"faces":{"east":{"uv":[14.2425,14.6325,14.1325,14.9925],"tintindex":0,"rotation":0,"texture":"#0"},"south":{"uv":[14.1175,14.6325,14.0075,14.9925],"tintindex":0,"rotation":0,"texture":"#0"},"north":{"uv":[13.8675,14.6325,13.7575,14.9925],"tintindex":0,"rotation":0,"texture":"#0"},"west":{"uv":[13.9925,14.6325,13.8825,14.9925],"tintindex":0,"rotation":0,"texture":"#0"},"up":{"uv":[15.0075,13.6175,15.1175,13.5075],"tintindex":0,"rotation":0,"texture":"#0"},"down":{"uv":[13.6325,15.0075,13.7425,15.1175],"tintindex":0,"rotation":0,"texture":"#0"}}},{"from":[8.0,4.0,14.0],"to":[14.0,14.0,15.0],"faces":{"east":{"uv":[14.8125,5.6325,14.7575,6.2425],"tintindex":0,"rotation":0,"texture":"#0"},"south":{"uv":[12.6175,11.2575,12.2575,11.8675],"tintindex":0,"rotation":0,"texture":"#0"},"north":{"uv":[12.6175,9.1325,12.2575,9.7425],"tintindex":0,"rotation":0,"texture":"#0"},"west":{"uv":[14.8125,4.2575,14.7575,4.8675],"tintindex":0,"rotation":0,"texture":"#0"},"up":{"uv":[15.0075,9.8125,15.3675,9.7575],"tintindex":0,"rotation":0,"texture":"#0"},"down":{"uv":[15.0075,9.8825,15.3675,9.9375],"tintindex":0,"rotation":0,"texture":"#0"}}},{"from":[13.0,4.0,12.0],"to":[15.0,14.0,14.0],"faces":{"east":{"uv":[10.4925,14.1325,10.3825,14.7425],"tintindex":0,"rotation":0,"texture":"#0"},"south":{"uv":[10.3675,14.1325,10.2575,14.7425],"tintindex":0,"rotation":0,"texture":"#0"},"north":{"uv":[10.1175,14.1325,10.0075,14.7425],"tintindex":0,"rotation":0,"texture":"#0"},"west":{"uv":[10.2425,14.1325,10.1325,14.7425],"tintindex":0,"rotation":0,"texture":"#0"},"up":{"uv":[15.0075,14.6175,15.1175,14.5075],"tintindex":0,"rotation":0,"texture":"#0"},"down":{"uv":[14.6325,15.0075,14.7425,15.1175],"tintindex":0,"rotation":0,"texture":"#0"}}},{"from":[12.02,13.519999,1.5200002],"to":[13.98,15.480001,5.4799995],"faces":{"east":{"uv":[14.9925,7.0075,14.7575,7.1175],"tintindex":0,"rotation":0,"texture":"#0"},"south":{"uv":[14.1175,15.0075,14.0075,15.1175],"tintindex":0,"rotation":0,"texture":"#0"},"north":{"uv":[15.1175,13.8825,15.0075,13.9925],"tintindex":0,"rotation":0,"texture":"#0"},"west":{"uv":[14.7425,12.7575,14.5075,12.8675],"tintindex":0,"rotation":0,"texture":"#0"},"up":{"uv":[14.8825,8.4925,14.9925,8.2575],"tintindex":0,"rotation":0,"texture":"#0"},"down":{"uv":[8.3825,14.8825,8.4925,15.1175],"tintindex":0,"rotation":0,"texture":"#0"}},"rotation":{"origin":[13.0,14.5,3.5],"angle":-45.0,"axis":"x"}},{"from":[12.02,2.5200002,10.52],"to":[13.98,4.4799995,14.48],"faces":{"east":{"uv":[15.1175,11.0075,14.8825,11.1175],"tintindex":0,"rotation":0,"texture":"#0"},"south":{"uv":[14.6175,15.0075,14.5075,15.1175],"tintindex":0,"rotation":0,"texture":"#0"},"north":{"uv":[15.1175,14.3825,15.0075,14.4925],"tintindex":0,"rotation":0,"texture":"#0"},"west":{"uv":[11.1175,14.8825,10.8825,14.9925],"tintindex":0,"rotation":0,"texture":"#0"},"up":{"uv":[14.8825,11.3675,14.9925,11.1325],"tintindex":0,"rotation":0,"texture":"#0"},"down":{"uv":[14.8825,11.3825,14.9925,11.6175],"tintindex":0,"rotation":0,"texture":"#0"}},"rotation":{"origin":[13.0,3.5,12.5],"angle":-45.0,"axis":"x"}},{"from":[8.049999,6.0,-5.0],"to":[11.049999,12.0,1.0],"faces":{"east":{"uv":[13.2575,11.6325,13.6175,11.9925],"tintindex":0,"rotation":0,"texture":"#0"},"south":{"uv":[7.0075,14.2575,7.1875,14.6175],"tintindex":0,"rotation":0,"texture":"#0"},"north":{"uv":[7.2575,14.2575,7.4375,14.6175],"tintindex":0,"rotation":0,"texture":"#0"},"west":{"uv":[11.6325,13.2575,11.9925,13.6175],"tintindex":0,"rotation":0,"texture":"#0"},"up":{"uv":[7.5075,14.2575,7.6875,14.6175],"tintindex":0,"rotation":0,"texture":"#0"},"down":{"uv":[8.6325,14.6175,8.8125,14.2575],"tintindex":0,"rotation":0,"texture":"#0"}},"rotation":{"origin":[9.549999,9.0,-2.0],"angle":-45.0,"axis":"x"}},{"from":[12.02,13.519999,10.52],"to":[13.98,15.480001,14.48],"faces":{"east":{"uv":[10.7425,14.8825,10.5075,14.9925],"tintindex":0,"rotation":0,"texture":"#0"},"south":{"uv":[14.4925,15.0075,14.3825,15.1175],"tintindex":0,"rotation":0,"texture":"#0"},"north":{"uv":[14.3675,15.0075,14.2575,15.1175],"tintindex":0,"rotation":0,"texture":"#0"},"west":{"uv":[15.1175,8.5075,14.8825,8.6175],"tintindex":0,"rotation":0,"texture":"#0"},"up":{"uv":[14.8825,10.7425,14.9925,10.5075],"tintindex":0,"rotation":0,"texture":"#0"},"down":{"uv":[10.7575,14.8825,10.8675,15.1175],"tintindex":0,"rotation":0,"texture":"#0"}},"rotation":{"origin":[13.0,14.5,12.5],"angle":45.0,"axis":"x"}},{"from":[8.049999,6.0,15.0],"to":[11.049999,12.0,21.0],"faces":{"east":{"uv":[13.6175,11.6325,13.2575,11.9925],"tintindex":0,"rotation":0,"texture":"#0"},"south":{"uv":[7.4375,14.2575,7.2575,14.6175],"tintindex":0,"rotation":0,"texture":"#0"},"north":{"uv":[7.1875,14.2575,7.0075,14.6175],"tintindex":0,"rotation":0,"texture":"#0"},"west":{"uv":[11.9925,13.2575,11.6325,13.6175],"tintindex":0,"rotation":0,"texture":"#0"},"up":{"uv":[7.5075,14.6175,7.6875,14.2575],"tintindex":0,"rotation":0,"texture":"#0"},"down":{"uv":[8.6325,14.2575,8.8125,14.6175],"tintindex":0,"rotation":0,"texture":"#0"}},"rotation":{"origin":[9.549999,9.0,18.0],"angle":45.0,"axis":"x"}},{"from":[12.02,2.5200002,1.5200002],"to":[13.98,4.4799995,5.4799995],"faces":{"east":{"uv":[14.9925,13.7575,14.7575,13.8675],"tintindex":0,"rotation":0,"texture":"#0"},"south":{"uv":[14.2425,15.0075,14.1325,15.1175],"tintindex":0,"rotation":0,"texture":"#0"},"north":{"uv":[15.1175,14.0075,15.0075,14.1175],"tintindex":0,"rotation":0,"texture":"#0"},"west":{"uv":[14.9925,12.0075,14.7575,12.1175],"tintindex":0,"rotation":0,"texture":"#0"},"up":{"uv":[8.6325,15.1175,8.7425,14.8825],"tintindex":0,"rotation":0,"texture":"#0"},"down":{"uv":[8.7575,14.8825,8.8675,15.1175],"tintindex":0,"rotation":0,"texture":"#0"}},"rotation":{"origin":[13.0,3.5,3.5],"angle":45.0,"axis":"x"}},{"from":[12.0,15.0,4.0],"to":[14.0,17.0,12.0],"faces":{"east":{"uv":[14.9925,10.3825,14.5075,10.4925],"tintindex":0,"rotation":0,"texture":"#0"},"south":{"uv":[15.1175,14.7575,15.0075,14.8675],"tintindex":0,"rotation":0,"texture":"#0"},"north":{"uv":[15.1175,14.6325,15.0075,14.7425],"tintindex":0,"rotation":0,"texture":"#0"},"west":{"uv":[14.9925,7.1325,14.5075,7.2425],"tintindex":0,"rotation":0,"texture":"#0"},"up":{"uv":[3.1325,12.9925,3.2425,12.5075],"tintindex":0,"rotation":0,"texture":"#0"},"down":{"uv":[0.2575,14.3825,0.3675,14.8675],"tintindex":0,"rotation":0,"texture":"#0"}}},{"from":[13.0,3.0,4.0],"to":[15.0,15.0,12.0],"faces":{"east":{"uv":[9.1175,10.1325,8.6325,10.8675],"tintindex":0,"rotation":0,"texture":"#0"},"south":{"uv":[11.2425,13.8825,11.1325,14.6175],"tintindex":0,"rotation":0,"texture":"#0"},"north":{"uv":[6.4925,13.8825,6.3825,14.6175],"tintindex":0,"rotation":0,"texture":"#0"},"west":{"uv":[8.6175,10.1325,8.1325,10.8675],"tintindex":0,"rotation":0,"texture":"#0"},"up":{"uv":[5.8825,14.8675,5.9925,14.3825],"tintindex":0,"rotation":0,"texture":"#0"},"down":{"uv":[11.0075,14.3825,11.1175,14.8675],"tintindex":0,"rotation":0,"texture":"#0"}}},{"from":[8.0,4.0,1.0],"to":[14.0,14.0,2.0],"faces":{"east":{"uv":[4.3125,14.7575,4.2575,15.3675],"tintindex":0,"rotation":0,"texture":"#0"},"south":{"uv":[9.4925,12.2575,9.1325,12.8675],"tintindex":0,"rotation":0,"texture":"#0"},"north":{"uv":[12.6175,8.5075,12.2575,9.1175],"tintindex":0,"rotation":0,"texture":"#0"},"west":{"uv":[4.1875,14.7575,4.1325,15.3675],"tintindex":0,"rotation":0,"texture":"#0"},"up":{"uv":[9.6325,15.0625,9.9925,15.0075],"tintindex":0,"rotation":0,"texture":"#0"},"down":{"uv":[15.0075,9.6325,15.3675,9.6875],"tintindex":0,"rotation":0,"texture":"#0"}}},{"from":[13.0,4.0,2.0],"to":[15.0,14.0,4.0],"faces":{"east":{"uv":[9.9925,14.1325,9.8825,14.7425],"tintindex":0,"rotation":0,"texture":"#0"},"south":{"uv":[14.2425,9.7575,14.1325,10.3675],"tintindex":0,"rotation":0,"texture":"#0"},"north":{"uv":[8.6175,14.1325,8.5075,14.7425],"tintindex":0,"rotation":0,"texture":"#0"},"west":{"uv":[9.8675,14.1325,9.7575,14.7425],"tintindex":0,"rotation":0,"texture":"#0"},"up":{"uv":[15.0075,13.7425,15.1175,13.6325],"tintindex":0,"rotation":0,"texture":"#0"},"down":{"uv":[13.7575,15.0075,13.8675,15.1175],"tintindex":0,"rotation":0,"texture":"#0"}}},{"from":[12.0,1.0,4.0],"to":[14.0,3.0,12.0],"faces":{"east":{"uv":[14.8675,13.3825,14.3825,13.4925],"tintindex":0,"rotation":0,"texture":"#0"},"south":{"uv":[13.9925,15.0075,13.8825,15.1175],"tintindex":0,"rotation":0,"texture":"#0"},"north":{"uv":[15.1175,13.7575,15.0075,13.8675],"tintindex":0,"rotation":0,"texture":"#0"},"west":{"uv":[14.7425,10.2575,14.2575,10.3675],"tintindex":0,"rotation":0,"texture":"#0"},"up":{"uv":[4.6325,10.8675,4.7425,10.3825],"tintindex":0,"rotation":0,"texture":"#0"},"down":{"uv":[5.7575,12.1325,5.8675,12.6175],"tintindex":0,"rotation":0,"texture":"#0"}}}],"display":{"head":{"rotation":[0.0,0.0,0.0]},"firstperson_righthand":{"rotation":[0.0,0.0,0.0]},"thirdperson_lefthand":{"rotation":[0.0,-0.0,-0.0]},"firstperson_lefthand":{"rotation":[0.0,-0.0,-0.0]},"fixed":{"rotation":[0.0,0.0,0.0]},"ground":{"rotation":[0.0,0.0,0.0]},"thirdperson_righthand":{"rotation":[0.0,0.0,0.0]},"gui":{"rotation":[-150.0,-45.0,180.0]}}}