{"textures":{"0":"modelengine:entity/illidan","particle":"#0"},"elements":[{"from":[3.0,-10.5,10.0],"to":[13.0,-2.5,10.0],"faces":{"south":{"uv":[1.7575,11.2575,2.3675,11.7425],"tintindex":0,"rotation":0,"texture":"#0"},"north":{"uv":[11.2575,1.0075,11.8675,1.4925],"tintindex":0,"rotation":0,"texture":"#0"}}},{"from":[2.0,-2.5,5.5],"to":[14.0,-0.5,10.5],"faces":{"east":{"uv":[11.0075,0.5075,11.3125,0.6175],"tintindex":0,"rotation":0,"texture":"#0"},"south":{"uv":[14.0075,7.5075,14.7425,7.6175],"tintindex":0,"rotation":0,"texture":"#0"},"north":{"uv":[14.0075,4.7575,14.7425,4.8675],"tintindex":0,"rotation":0,"texture":"#0"},"west":{"uv":[12.5075,0.8825,12.8125,0.9925],"tintindex":0,"rotation":0,"texture":"#0"},"up":{"uv":[11.7425,12.4375,11.0075,12.1325],"tintindex":0,"rotation":0,"texture":"#0"},"down":{"uv":[12.9925,0.0075,12.2575,0.3125],"tintindex":0,"rotation":0,"texture":"#0"}}},{"from":[12.0,-6.5,9.0],"to":[18.0,7.5,9.0],"faces":{"south":{"uv":[8.1175,10.3825,7.7575,11.2425],"tintindex":0,"rotation":0,"texture":"#0"},"north":{"uv":[3.2425,8.3825,2.8825,9.2425],"tintindex":0,"rotation":0,"texture":"#0"}}},{"from":[-0.5,3.5,4.5],"to":[16.5,9.5,11.5],"faces":{"east":{"uv":[3.2575,13.0075,3.6875,13.3675],"tintindex":0,"rotation":0,"texture":"#0"},"south":{"uv":[10.0075,5.6325,11.0625,5.9925],"tintindex":0,"rotation":0,"texture":"#0"},"north":{"uv":[5.5075,10.0075,6.5625,10.3675],"tintindex":0,"rotation":0,"texture":"#0"},"west":{"uv":[13.0075,4.1325,13.4375,4.4925],"tintindex":0,"rotation":0,"texture":"#0"},"up":{"uv":[10.4375,3.4375,9.3825,3.0075],"tintindex":0,"rotation":0,"texture":"#0"},"down":{"uv":[10.4375,3.5075,9.3825,3.9375],"tintindex":0,"rotation":0,"texture":"#0"}}},{"from":[0.5,-0.5,5.0],"to":[15.5,3.5,11.0],"faces":{"east":{"uv":[14.0075,3.5075,14.3675,3.7425],"tintindex":0,"rotation":0,"texture":"#0"},"south":{"uv":[11.8825,7.6325,12.8125,7.8675],"tintindex":0,"rotation":0,"texture":"#0"},"north":{"uv":[5.7575,2.7575,6.6875,2.9925],"tintindex":0,"rotation":0,"texture":"#0"},"west":{"uv":[7.0075,14.0075,7.3675,14.2425],"tintindex":0,"rotation":0,"texture":"#0"},"up":{"uv":[11.3125,0.9925,10.3825,0.6325],"tintindex":0,"rotation":0,"texture":"#0"},"down":{"uv":[4.1875,10.3825,3.2575,10.7425],"tintindex":0,"rotation":0,"texture":"#0"}}},{"from":[-2.0,-6.5,9.0],"to":[4.0,7.5,9.0],"faces":{"south":{"uv":[7.7575,10.3825,8.1175,11.2425],"tintindex":0,"rotation":0,"texture":"#0"},"north":{"uv":[2.8825,8.3825,3.2425,9.2425],"tintindex":0,"rotation":0,"texture":"#0"}}}],"display":{"head":{"rotation":[0.0,0.0,0.0]},"firstperson_righthand":{"rotation":[0.0,0.0,0.0]},"thirdperson_lefthand":{"rotation":[0.0,-0.0,-0.0]},"firstperson_lefthand":{"rotation":[0.0,-0.0,-0.0]},"fixed":{"rotation":[0.0,0.0,0.0]},"ground":{"rotation":[0.0,0.0,0.0]},"thirdperson_righthand":{"rotation":[0.0,0.0,0.0]},"gui":{"rotation":[-150.0,-45.0,180.0]}}}