{"textures":{"0":"modelengine:entity/illidan","particle":"#0"},"elements":[{"from":[16.5,-8.040146,11.96717],"to":[21.5,3.9598541,11.96717],"faces":{"south":{"uv":[7.0625,12.2575,6.7575,12.9925],"tintindex":0,"rotation":0,"texture":"#0"},"north":{"uv":[12.5625,6.0075,12.2575,6.7425],"tintindex":0,"rotation":0,"texture":"#0"}},"rotation":{"origin":[11.0,4.5761185,8.882683],"angle":-22.5,"axis":"x"}},{"from":[-5.5,-4.540146,8.967171],"to":[-0.5,7.459854,8.967171],"faces":{"south":{"uv":[3.6325,12.2575,3.9375,12.9925],"tintindex":0,"rotation":0,"texture":"#0"},"north":{"uv":[12.2575,3.3825,12.5625,4.1175],"tintindex":0,"rotation":0,"texture":"#0"}},"rotation":{"origin":[5.0,8.076118,5.882683],"angle":-22.5,"axis":"x"}},{"from":[-5.5,-8.040146,11.96717],"to":[-0.5,3.9598541,11.96717],"faces":{"south":{"uv":[6.7575,12.2575,7.0625,12.9925],"tintindex":0,"rotation":0,"texture":"#0"},"north":{"uv":[12.2575,6.0075,12.5625,6.7425],"tintindex":0,"rotation":0,"texture":"#0"}},"rotation":{"origin":[5.0,4.5761185,8.882683],"angle":-22.5,"axis":"x"}},{"from":[-0.5,0.38373566,4.084487],"to":[16.5,8.383736,11.084487],"faces":{"east":{"uv":[11.0075,12.5075,11.4375,12.9925],"tintindex":0,"rotation":0,"texture":"#0"},"south":{"uv":[8.5075,2.0075,9.5625,2.4925],"tintindex":0,"rotation":0,"texture":"#0"},"north":{"uv":[8.5075,1.5075,9.5625,1.9925],"tintindex":0,"rotation":0,"texture":"#0"},"west":{"uv":[12.6325,3.3825,13.0625,3.8675],"tintindex":0,"rotation":0,"texture":"#0"},"up":{"uv":[10.4375,1.4375,9.3825,1.0075],"tintindex":0,"rotation":0,"texture":"#0"},"down":{"uv":[10.4375,2.5075,9.3825,2.9375],"tintindex":0,"rotation":0,"texture":"#0"}},"rotation":{"origin":[8.0,8.0,8.0],"angle":-22.5,"axis":"x"}},{"from":[-1.5,-5.730446,8.341487],"to":[17.5,2.2695541,15.341487],"faces":{"east":{"uv":[4.6325,12.6325,5.0625,13.1175],"tintindex":0,"rotation":0,"texture":"#0"},"south":{"uv":[8.2575,8.3825,9.4375,8.8675],"tintindex":0,"rotation":0,"texture":"#0"},"north":{"uv":[8.2575,6.2575,9.4375,6.7425],"tintindex":0,"rotation":0,"texture":"#0"},"west":{"uv":[12.6325,4.6325,13.0625,5.1175],"tintindex":0,"rotation":0,"texture":"#0"},"up":{"uv":[4.9375,8.9375,3.7575,8.5075],"tintindex":0,"rotation":0,"texture":"#0"},"down":{"uv":[6.1875,8.5075,5.0075,8.9375],"tintindex":0,"rotation":0,"texture":"#0"}},"rotation":{"origin":[8.0,-3.7304459,10.841487],"angle":-22.5,"axis":"x"}}],"display":{"head":{"rotation":[0.0,0.0,0.0]},"firstperson_righthand":{"rotation":[0.0,0.0,0.0]},"thirdperson_lefthand":{"rotation":[0.0,-0.0,-0.0]},"firstperson_lefthand":{"rotation":[0.0,-0.0,-0.0]},"fixed":{"rotation":[0.0,0.0,0.0]},"ground":{"rotation":[0.0,0.0,0.0]},"thirdperson_righthand":{"rotation":[0.0,0.0,0.0]},"gui":{"rotation":[-150.0,-45.0,180.0]}}}