{"textures":{"0":"modelengine:entity/illidan","particle":"#0"},"elements":[{"from":[-0.19999981,18.8,2.5500002],"to":[1.0500002,20.3,3.8000002],"faces":{"east":{"uv":[14.8825,0.7575,15.0625,0.9375],"tintindex":0,"rotation":0,"texture":"#0"},"south":{"uv":[14.8825,1.0075,15.0625,1.1875],"tintindex":0,"rotation":0,"texture":"#0"},"north":{"uv":[14.8825,0.5075,15.0625,0.6875],"tintindex":0,"rotation":0,"texture":"#0"},"west":{"uv":[14.8825,1.2575,15.0625,1.4375],"tintindex":0,"rotation":0,"texture":"#0"},"up":{"uv":[15.0625,1.6875,14.8825,1.5075],"tintindex":0,"rotation":0,"texture":"#0"},"down":{"uv":[15.0625,1.7575,14.8825,1.9375],"tintindex":0,"rotation":0,"texture":"#0"}},"rotation":{"origin":[0.8000002,19.3,2.5500002],"angle":22.5,"axis":"x"}},{"from":[7.75,10.25,2.4499998],"to":[8.25,10.75,3.4499998],"faces":{"east":{"uv":[15.1325,1.6325,15.2425,1.6875],"tintindex":0,"rotation":0,"texture":"#0"},"south":{"uv":[4.0075,15.1325,4.0625,15.1875],"tintindex":0,"rotation":0,"texture":"#0"},"north":{"uv":[3.8825,15.1325,3.9375,15.1875],"tintindex":0,"rotation":0,"texture":"#0"},"west":{"uv":[1.7575,15.1325,1.8675,15.1875],"tintindex":0,"rotation":0,"texture":"#0"},"up":{"uv":[15.1875,1.8675,15.1325,1.7575],"tintindex":0,"rotation":0,"texture":"#0"},"down":{"uv":[1.9375,15.1325,1.8825,15.2425],"tintindex":0,"rotation":0,"texture":"#0"}}},{"from":[-2.5,14.75,-3.3999996],"to":[0.0,17.25,-1.3999996],"faces":{"east":{"uv":[1.8825,14.1325,2.1175,14.4375],"tintindex":0,"rotation":0,"texture":"#0"},"south":{"uv":[11.6325,13.6325,11.9375,13.9375],"tintindex":0,"rotation":0,"texture":"#0"},"north":{"uv":[13.6325,11.2575,13.9375,11.5625],"tintindex":0,"rotation":0,"texture":"#0"},"west":{"uv":[2.1325,14.1325,2.3675,14.4375],"tintindex":0,"rotation":0,"texture":"#0"},"up":{"uv":[2.6875,14.3675,2.3825,14.1325],"tintindex":0,"rotation":0,"texture":"#0"},"down":{"uv":[3.0625,14.1325,2.7575,14.3675],"tintindex":0,"rotation":0,"texture":"#0"}},"rotation":{"origin":[-1.0,15.75,-3.3999996],"angle":45.0,"axis":"x"}},{"from":[15.9,22.850002,1.4499998],"to":[17.15,24.350002,2.9499998],"faces":{"east":{"uv":[14.9375,9.1325,14.7575,9.3125],"tintindex":0,"rotation":0,"texture":"#0"},"south":{"uv":[14.9375,8.8825,14.7575,9.0625],"tintindex":0,"rotation":0,"texture":"#0"},"north":{"uv":[14.9375,6.7575,14.7575,6.9375],"tintindex":0,"rotation":0,"texture":"#0"},"west":{"uv":[14.9375,8.6325,14.7575,8.8125],"tintindex":0,"rotation":0,"texture":"#0"},"up":{"uv":[9.3825,14.9375,9.5625,14.7575],"tintindex":0,"rotation":0,"texture":"#0"},"down":{"uv":[14.7575,9.3825,14.9375,9.5625],"tintindex":0,"rotation":0,"texture":"#0"}},"rotation":{"origin":[16.15,23.350002,1.4499998],"angle":22.5,"axis":"x"}},{"from":[6.75,10.25,3.5],"to":[9.25,15.25,6.5],"faces":{"east":{"uv":[7.7575,12.0075,8.1175,12.6175],"tintindex":0,"rotation":0,"texture":"#0"},"south":{"uv":[0.3825,12.7575,0.6875,13.3675],"tintindex":0,"rotation":0,"texture":"#0"},"north":{"uv":[0.0075,12.7575,0.3125,13.3675],"tintindex":0,"rotation":0,"texture":"#0"},"west":{"uv":[4.2575,12.1325,4.6175,12.7425],"tintindex":0,"rotation":0,"texture":"#0"},"up":{"uv":[13.6875,10.4925,13.3825,10.1325],"tintindex":0,"rotation":0,"texture":"#0"},"down":{"uv":[10.8125,13.3825,10.5075,13.7425],"tintindex":0,"rotation":0,"texture":"#0"}}},{"from":[9.9,11.0,2.3999996],"to":[10.9,13.0,4.3999996],"faces":{"east":{"uv":[10.7425,14.2575,10.5075,14.4925],"tintindex":0,"rotation":0,"texture":"#0"},"south":{"uv":[12.6175,14.7575,12.5075,14.9925],"tintindex":0,"rotation":0,"texture":"#0"},"north":{"uv":[11.6175,14.7575,11.5075,14.9925],"tintindex":0,"rotation":0,"texture":"#0"},"west":{"uv":[14.4925,10.0075,14.2575,10.2425],"tintindex":0,"rotation":0,"texture":"#0"},"up":{"uv":[0.2575,15.1175,0.3675,14.8825],"tintindex":0,"rotation":0,"texture":"#0"},"down":{"uv":[5.8825,14.8825,5.9925,15.1175],"tintindex":0,"rotation":0,"texture":"#0"}},"rotation":{"origin":[10.9,8.5,4.3999996],"angle":45.0,"axis":"y"}},{"from":[14.75,18.55,1.7999997],"to":[15.75,19.55,2.8000002],"faces":{"east":{"uv":[13.1175,4.5075,13.0075,4.6175],"tintindex":0,"rotation":0,"texture":"#0"},"south":{"uv":[9.4925,12.8825,9.3825,12.9925],"tintindex":0,"rotation":0,"texture":"#0"},"north":{"uv":[12.6175,11.1325,12.5075,11.2425],"tintindex":0,"rotation":0,"texture":"#0"},"west":{"uv":[12.9925,1.3825,12.8825,1.4925],"tintindex":0,"rotation":0,"texture":"#0"},"up":{"uv":[13.2575,2.3675,13.3675,2.2575],"tintindex":0,"rotation":0,"texture":"#0"},"down":{"uv":[8.1325,13.2575,8.2425,13.3675],"tintindex":0,"rotation":0,"texture":"#0"}},"rotation":{"origin":[15.0,18.55,1.7999997],"angle":45.0,"axis":"x"}},{"from":[10.0,8.0,7.85],"to":[11.0,13.0,11.35],"faces":{"east":{"uv":[12.0625,10.7575,11.6325,11.3675],"tintindex":0,"rotation":0,"texture":"#0"},"south":{"uv":[6.1175,14.1325,6.0075,14.7425],"tintindex":0,"rotation":0,"texture":"#0"},"north":{"uv":[0.4925,14.1325,0.3825,14.7425],"tintindex":0,"rotation":0,"texture":"#0"},"west":{"uv":[12.0625,10.1325,11.6325,10.7425],"tintindex":0,"rotation":0,"texture":"#0"},"up":{"uv":[4.6325,15.0625,4.7425,14.6325],"tintindex":0,"rotation":0,"texture":"#0"},"down":{"uv":[4.7575,14.6325,4.8675,15.0625],"tintindex":0,"rotation":0,"texture":"#0"}},"rotation":{"origin":[11.0,13.0,9.35],"angle":22.5,"axis":"z"}},{"from":[9.65,10.25,2.8999996],"to":[10.65,15.25,4.8999996],"faces":{"east":{"uv":[3.9925,13.0075,3.7575,13.6175],"tintindex":0,"rotation":0,"texture":"#0"},"south":{"uv":[13.7425,13.8825,13.6325,14.4925],"tintindex":0,"rotation":0,"texture":"#0"},"north":{"uv":[6.4925,12.0075,6.3825,12.6175],"tintindex":0,"rotation":0,"texture":"#0"},"west":{"uv":[3.4925,9.7575,3.2575,10.3675],"tintindex":0,"rotation":0,"texture":"#0"},"up":{"uv":[2.1325,12.4925,2.2425,12.2575],"tintindex":0,"rotation":0,"texture":"#0"},"down":{"uv":[13.2575,1.1325,13.3675,1.3675],"tintindex":0,"rotation":0,"texture":"#0"}},"rotation":{"origin":[10.65,9.25,4.8999996],"angle":45.0,"axis":"y"}},{"from":[7.75,10.700001,2.6999998],"to":[8.25,12.200001,3.6999998],"faces":{"east":{"uv":[14.7575,14.8825,14.8675,15.0625],"tintindex":0,"rotation":0,"texture":"#0"},"south":{"uv":[15.1325,0.8825,15.1875,1.0625],"tintindex":0,"rotation":0,"texture":"#0"},"north":{"uv":[0.8825,15.1325,0.9375,15.3125],"tintindex":0,"rotation":0,"texture":"#0"},"west":{"uv":[14.8825,14.8825,14.9925,15.0625],"tintindex":0,"rotation":0,"texture":"#0"},"up":{"uv":[15.1875,2.1175,15.1325,2.0075],"tintindex":0,"rotation":0,"texture":"#0"},"down":{"uv":[2.1875,15.1325,2.1325,15.2425],"tintindex":0,"rotation":0,"texture":"#0"}},"rotation":{"origin":[8.0,11.200001,2.6999998],"angle":22.5,"axis":"x"}},{"from":[5.0,8.0,7.85],"to":[6.0,13.0,11.35],"faces":{"east":{"uv":[11.6325,10.1325,12.0625,10.7425],"tintindex":0,"rotation":0,"texture":"#0"},"south":{"uv":[6.0075,14.1325,6.1175,14.7425],"tintindex":0,"rotation":0,"texture":"#0"},"north":{"uv":[0.3825,14.1325,0.4925,14.7425],"tintindex":0,"rotation":0,"texture":"#0"},"west":{"uv":[11.6325,10.7575,12.0625,11.3675],"tintindex":0,"rotation":0,"texture":"#0"},"up":{"uv":[4.7425,15.0625,4.6325,14.6325],"tintindex":0,"rotation":0,"texture":"#0"},"down":{"uv":[4.8675,14.6325,4.7575,15.0625],"tintindex":0,"rotation":0,"texture":"#0"}},"rotation":{"origin":[5.0,13.0,9.35],"angle":-22.5,"axis":"z"}},{"from":[15.5,12.75,-1.1499996],"to":[18.0,15.25,0.8499999],"faces":{"east":{"uv":[12.3675,14.0075,12.1325,14.3125],"tintindex":0,"rotation":0,"texture":"#0"},"south":{"uv":[13.9375,8.6325,13.6325,8.9375],"tintindex":0,"rotation":0,"texture":"#0"},"north":{"uv":[13.9375,8.2575,13.6325,8.5625],"tintindex":0,"rotation":0,"texture":"#0"},"west":{"uv":[12.1175,14.0075,11.8825,14.3125],"tintindex":0,"rotation":0,"texture":"#0"},"up":{"uv":[14.0075,11.9925,14.3125,11.7575],"tintindex":0,"rotation":0,"texture":"#0"},"down":{"uv":[12.3825,14.0075,12.6875,14.2425],"tintindex":0,"rotation":0,"texture":"#0"}}},{"from":[-2.5,17.25,-4.8999996],"to":[-0.5,19.75,-2.3999996],"faces":{"east":{"uv":[8.2575,13.7575,8.5625,14.0625],"tintindex":0,"rotation":0,"texture":"#0"},"south":{"uv":[3.3825,14.1325,3.6175,14.4375],"tintindex":0,"rotation":0,"texture":"#0"},"north":{"uv":[3.1325,14.1325,3.3675,14.4375],"tintindex":0,"rotation":0,"texture":"#0"},"west":{"uv":[9.1325,13.7575,9.4375,14.0625],"tintindex":0,"rotation":0,"texture":"#0"},"up":{"uv":[3.8675,14.4375,3.6325,14.1325],"tintindex":0,"rotation":0,"texture":"#0"},"down":{"uv":[4.1175,14.1325,3.8825,14.4375],"tintindex":0,"rotation":0,"texture":"#0"}}},{"from":[16.65,19.75,-4.3999996],"to":[18.15,22.25,-2.3999996],"faces":{"east":{"uv":[4.3675,14.1325,4.1325,14.4375],"tintindex":0,"rotation":0,"texture":"#0"},"south":{"uv":[14.6875,12.3825,14.5075,12.6875],"tintindex":0,"rotation":0,"texture":"#0"},"north":{"uv":[10.6875,14.5075,10.5075,14.8125],"tintindex":0,"rotation":0,"texture":"#0"},"west":{"uv":[14.3675,4.0075,14.1325,4.3125],"tintindex":0,"rotation":0,"texture":"#0"},"up":{"uv":[14.6325,5.3675,14.8125,5.1325],"tintindex":0,"rotation":0,"texture":"#0"},"down":{"uv":[5.3825,14.6325,5.5625,14.8675],"tintindex":0,"rotation":0,"texture":"#0"}},"rotation":{"origin":[17.15,20.75,-4.3999996],"angle":22.5,"axis":"x"}},{"from":[6.75,7.25,3.5],"to":[9.25,10.25,6.0],"faces":{"east":{"uv":[9.7575,13.3825,10.0625,13.7425],"tintindex":0,"rotation":0,"texture":"#0"},"south":{"uv":[13.3825,9.7575,13.6875,10.1175],"tintindex":0,"rotation":0,"texture":"#0"},"north":{"uv":[9.3825,13.3825,9.6875,13.7425],"tintindex":0,"rotation":0,"texture":"#0"},"west":{"uv":[10.1325,13.3825,10.4375,13.7425],"tintindex":0,"rotation":0,"texture":"#0"},"up":{"uv":[13.9375,7.8125,13.6325,7.5075],"tintindex":0,"rotation":0,"texture":"#0"},"down":{"uv":[13.9375,7.8825,13.6325,8.1875],"tintindex":0,"rotation":0,"texture":"#0"}}},{"from":[13.0,13.5,2.85],"to":[16.0,16.0,5.35],"faces":{"east":{"uv":[13.9375,9.3825,13.6325,9.6875],"tintindex":0,"rotation":0,"texture":"#0"},"south":{"uv":[13.8675,3.7575,13.5075,4.0625],"tintindex":0,"rotation":0,"texture":"#0"},"north":{"uv":[3.2425,13.5075,2.8825,13.8125],"tintindex":0,"rotation":0,"texture":"#0"},"west":{"uv":[13.9375,9.0075,13.6325,9.3125],"tintindex":0,"rotation":0,"texture":"#0"},"up":{"uv":[4.0075,13.8125,4.3675,13.5075],"tintindex":0,"rotation":0,"texture":"#0"},"down":{"uv":[13.5075,4.1325,13.8675,4.4375],"tintindex":0,"rotation":0,"texture":"#0"}},"rotation":{"origin":[14.5,14.75,4.1],"angle":-22.5,"axis":"x"}},{"from":[5.35,10.25,2.8999996],"to":[6.35,15.25,4.8999996],"faces":{"east":{"uv":[3.2575,9.7575,3.4925,10.3675],"tintindex":0,"rotation":0,"texture":"#0"},"south":{"uv":[13.6325,13.8825,13.7425,14.4925],"tintindex":0,"rotation":0,"texture":"#0"},"north":{"uv":[6.3825,12.0075,6.4925,12.6175],"tintindex":0,"rotation":0,"texture":"#0"},"west":{"uv":[3.7575,13.0075,3.9925,13.6175],"tintindex":0,"rotation":0,"texture":"#0"},"up":{"uv":[2.2425,12.4925,2.1325,12.2575],"tintindex":0,"rotation":0,"texture":"#0"},"down":{"uv":[13.3675,1.1325,13.2575,1.3675],"tintindex":0,"rotation":0,"texture":"#0"}},"rotation":{"origin":[5.35,9.25,4.8999996],"angle":-45.0,"axis":"y"}},{"from":[16.1,22.850002,-0.14999962],"to":[17.35,24.350002,1.8499999],"faces":{"east":{"uv":[7.7425,14.6325,7.5075,14.8125],"tintindex":0,"rotation":0,"texture":"#0"},"south":{"uv":[14.9375,6.5075,14.7575,6.6875],"tintindex":0,"rotation":0,"texture":"#0"},"north":{"uv":[6.6875,14.7575,6.5075,14.9375],"tintindex":0,"rotation":0,"texture":"#0"},"west":{"uv":[14.8675,7.2575,14.6325,7.4375],"tintindex":0,"rotation":0,"texture":"#0"},"up":{"uv":[14.6325,7.8675,14.8125,7.6325],"tintindex":0,"rotation":0,"texture":"#0"},"down":{"uv":[7.7575,14.6325,7.9375,14.8675],"tintindex":0,"rotation":0,"texture":"#0"}}},{"from":[0.0,13.5,2.85],"to":[3.0,16.0,5.35],"faces":{"east":{"uv":[13.6325,9.0075,13.9375,9.3125],"tintindex":0,"rotation":0,"texture":"#0"},"south":{"uv":[13.5075,3.7575,13.8675,4.0625],"tintindex":0,"rotation":0,"texture":"#0"},"north":{"uv":[2.8825,13.5075,3.2425,13.8125],"tintindex":0,"rotation":0,"texture":"#0"},"west":{"uv":[13.6325,9.3825,13.9375,9.6875],"tintindex":0,"rotation":0,"texture":"#0"},"up":{"uv":[4.3675,13.8125,4.0075,13.5075],"tintindex":0,"rotation":0,"texture":"#0"},"down":{"uv":[13.8675,4.1325,13.5075,4.4375],"tintindex":0,"rotation":0,"texture":"#0"}},"rotation":{"origin":[1.5,14.75,4.1],"angle":-22.5,"axis":"x"}},{"from":[16.3,22.25,-1.6499996],"to":[17.55,23.75,0.3499999],"faces":{"east":{"uv":[6.9925,14.6325,6.7575,14.8125],"tintindex":0,"rotation":0,"texture":"#0"},"south":{"uv":[14.9375,6.2575,14.7575,6.4375],"tintindex":0,"rotation":0,"texture":"#0"},"north":{"uv":[14.9375,3.7575,14.7575,3.9375],"tintindex":0,"rotation":0,"texture":"#0"},"west":{"uv":[6.3675,14.6325,6.1325,14.8125],"tintindex":0,"rotation":0,"texture":"#0"},"up":{"uv":[7.0075,14.8675,7.1875,14.6325],"tintindex":0,"rotation":0,"texture":"#0"},"down":{"uv":[7.2575,14.6325,7.4375,14.8675],"tintindex":0,"rotation":0,"texture":"#0"}},"rotation":{"origin":[16.55,22.75,-1.6499996],"angle":-22.5,"axis":"x"}},{"from":[11.0,13.5,3.1],"to":[14.0,16.5,6.1],"faces":{"east":{"uv":[13.6175,0.7575,13.2575,1.1175],"tintindex":0,"rotation":0,"texture":"#0"},"south":{"uv":[13.6175,0.3825,13.2575,0.7425],"tintindex":0,"rotation":0,"texture":"#0"},"north":{"uv":[13.4925,7.1325,13.1325,7.4925],"tintindex":0,"rotation":0,"texture":"#0"},"west":{"uv":[13.6175,0.0075,13.2575,0.3675],"tintindex":0,"rotation":0,"texture":"#0"},"up":{"uv":[1.1325,13.6175,1.4925,13.2575],"tintindex":0,"rotation":0,"texture":"#0"},"down":{"uv":[13.2575,1.8825,13.6175,2.2425],"tintindex":0,"rotation":0,"texture":"#0"}},"rotation":{"origin":[12.5,15.0,4.6],"angle":22.5,"axis":"y"}},{"from":[15.0,12.5,0.5999999],"to":[18.0,15.5,2.6],"faces":{"east":{"uv":[11.7425,6.1325,11.5075,6.4925],"tintindex":0,"rotation":0,"texture":"#0"},"south":{"uv":[13.6175,10.8825,13.2575,11.2425],"tintindex":0,"rotation":0,"texture":"#0"},"north":{"uv":[13.6175,9.3825,13.2575,9.7425],"tintindex":0,"rotation":0,"texture":"#0"},"west":{"uv":[3.6175,11.2575,3.3825,11.6175],"tintindex":0,"rotation":0,"texture":"#0"},"up":{"uv":[13.8825,3.9925,14.2425,3.7575],"tintindex":0,"rotation":0,"texture":"#0"},"down":{"uv":[4.0075,13.8825,4.3675,14.1175],"tintindex":0,"rotation":0,"texture":"#0"}},"rotation":{"origin":[16.5,14.0,1.0999999],"angle":-22.5,"axis":"z"}},{"from":[3.5,6.0,9.6],"to":[6.5,11.0,9.6],"faces":{"south":{"uv":[12.2575,7.8825,12.6175,8.4925],"tintindex":0,"rotation":0,"texture":"#0"},"north":{"uv":[7.1325,12.2575,7.4925,12.8675],"tintindex":0,"rotation":0,"texture":"#0"}},"rotation":{"origin":[4.5,10.0,9.35],"angle":-45.0,"axis":"z"}},{"from":[5.5,10.25,4.85],"to":[10.5,15.75,10.85],"faces":{"east":{"uv":[6.2575,8.5075,6.9925,9.1875],"tintindex":0,"rotation":0,"texture":"#0"},"south":{"uv":[9.6325,1.5075,10.2425,2.1875],"tintindex":0,"rotation":0,"texture":"#0"},"north":{"uv":[0.6325,9.6325,1.2425,10.3125],"tintindex":0,"rotation":0,"texture":"#0"},"west":{"uv":[8.6325,2.5075,9.3675,3.1875],"tintindex":0,"rotation":0,"texture":"#0"},"up":{"uv":[6.7425,9.9925,6.1325,9.2575],"tintindex":0,"rotation":0,"texture":"#0"},"down":{"uv":[7.3675,9.2575,6.7575,9.9925],"tintindex":0,"rotation":0,"texture":"#0"}}},{"from":[5.0,10.0,6.85],"to":[11.0,16.0,11.35],"faces":{"east":{"uv":[2.0075,9.7575,2.5625,10.4925],"tintindex":0,"rotation":0,"texture":"#0"},"south":{"uv":[0.0075,8.5075,0.7425,9.2425],"tintindex":0,"rotation":0,"texture":"#0"},"north":{"uv":[2.1325,8.3825,2.8675,9.1175],"tintindex":0,"rotation":0,"texture":"#0"},"west":{"uv":[2.6325,9.7575,3.1875,10.4925],"tintindex":0,"rotation":0,"texture":"#0"},"up":{"uv":[8.1175,10.3125,7.3825,9.7575],"tintindex":0,"rotation":0,"texture":"#0"},"down":{"uv":[10.4925,9.3825,9.7575,9.9375],"tintindex":0,"rotation":0,"texture":"#0"}}},{"from":[7.25,10.350002,2.75],"to":[8.75,10.850002,3.75],"faces":{"east":{"uv":[15.1325,1.8825,15.2425,1.9375],"tintindex":0,"rotation":0,"texture":"#0"},"south":{"uv":[15.1325,0.7575,15.3125,0.8125],"tintindex":0,"rotation":0,"texture":"#0"},"north":{"uv":[15.1325,0.6325,15.3125,0.6875],"tintindex":0,"rotation":0,"texture":"#0"},"west":{"uv":[2.0075,15.1325,2.1175,15.1875],"tintindex":0,"rotation":0,"texture":"#0"},"up":{"uv":[15.0625,14.2425,14.8825,14.1325],"tintindex":0,"rotation":0,"texture":"#0"},"down":{"uv":[14.4375,14.8825,14.2575,14.9925],"tintindex":0,"rotation":0,"texture":"#0"}}},{"from":[6.75,7.25,3.0],"to":[9.25,8.75,3.5],"faces":{"east":{"uv":[1.0075,15.1325,1.0625,15.3125],"tintindex":0,"rotation":0,"texture":"#0"},"south":{"uv":[14.5075,14.1325,14.8125,14.3125],"tintindex":0,"rotation":0,"texture":"#0"},"north":{"uv":[14.5075,13.8825,14.8125,14.0625],"tintindex":0,"rotation":0,"texture":"#0"},"west":{"uv":[1.1325,15.1325,1.1875,15.3125],"tintindex":0,"rotation":0,"texture":"#0"},"up":{"uv":[11.5625,15.0625,11.2575,15.0075],"tintindex":0,"rotation":0,"texture":"#0"},"down":{"uv":[15.3125,11.2575,15.0075,11.3125],"tintindex":0,"rotation":0,"texture":"#0"}}},{"from":[-1.5500002,22.25,-1.6499996],"to":[-0.3000002,23.75,0.3499999],"faces":{"east":{"uv":[6.1325,14.6325,6.3675,14.8125],"tintindex":0,"rotation":0,"texture":"#0"},"south":{"uv":[14.7575,6.2575,14.9375,6.4375],"tintindex":0,"rotation":0,"texture":"#0"},"north":{"uv":[14.7575,3.7575,14.9375,3.9375],"tintindex":0,"rotation":0,"texture":"#0"},"west":{"uv":[6.7575,14.6325,6.9925,14.8125],"tintindex":0,"rotation":0,"texture":"#0"},"up":{"uv":[7.1875,14.8675,7.0075,14.6325],"tintindex":0,"rotation":0,"texture":"#0"},"down":{"uv":[7.4375,14.6325,7.2575,14.8675],"tintindex":0,"rotation":0,"texture":"#0"}},"rotation":{"origin":[-0.5500002,22.75,-1.6499996],"angle":-22.5,"axis":"x"}},{"from":[15.65,22.350002,2.4499998],"to":[16.9,23.850002,3.9499998],"faces":{"east":{"uv":[10.1875,14.7575,10.0075,14.9375],"tintindex":0,"rotation":0,"texture":"#0"},"south":{"uv":[14.9375,9.8825,14.7575,10.0625],"tintindex":0,"rotation":0,"texture":"#0"},"north":{"uv":[14.9375,9.6325,14.7575,9.8125],"tintindex":0,"rotation":0,"texture":"#0"},"west":{"uv":[9.9375,14.7575,9.7575,14.9375],"tintindex":0,"rotation":0,"texture":"#0"},"up":{"uv":[14.7575,10.3125,14.9375,10.1325],"tintindex":0,"rotation":0,"texture":"#0"},"down":{"uv":[10.2575,14.7575,10.4375,14.9375],"tintindex":0,"rotation":0,"texture":"#0"}},"rotation":{"origin":[15.9,22.850002,2.4499998],"angle":45.0,"axis":"x"}},{"from":[10.45,11.0,4.3999996],"to":[10.95,13.0,10.65],"faces":{"east":{"uv":[13.4375,3.8825,12.6325,4.1175],"tintindex":0,"rotation":0,"texture":"#0"},"south":{"uv":[15.0625,12.7575,15.0075,12.9925],"tintindex":0,"rotation":0,"texture":"#0"},"north":{"uv":[12.5625,15.0075,12.5075,15.2425],"tintindex":0,"rotation":0,"texture":"#0"},"west":{"uv":[8.4375,1.7575,7.6325,1.9925],"tintindex":0,"rotation":0,"texture":"#0"},"up":{"uv":[4.8825,15.4375,4.9375,14.6325],"tintindex":0,"rotation":0,"texture":"#0"},"down":{"uv":[5.0075,14.6325,5.0625,15.4375],"tintindex":0,"rotation":0,"texture":"#0"}}},{"from":[15.75,13.5,-2.6499996],"to":[18.25,16.0,-0.6499996],"faces":{"east":{"uv":[14.2425,14.0075,14.0075,14.3125],"tintindex":0,"rotation":0,"texture":"#0"},"south":{"uv":[11.5625,13.6325,11.2575,13.9375],"tintindex":0,"rotation":0,"texture":"#0"},"north":{"uv":[13.9375,10.8825,13.6325,11.1875],"tintindex":0,"rotation":0,"texture":"#0"},"west":{"uv":[13.9925,14.0075,13.7575,14.3125],"tintindex":0,"rotation":0,"texture":"#0"},"up":{"uv":[0.0075,14.3675,0.3125,14.1325],"tintindex":0,"rotation":0,"texture":"#0"},"down":{"uv":[1.5075,14.1325,1.8125,14.3675],"tintindex":0,"rotation":0,"texture":"#0"}},"rotation":{"origin":[16.75,14.5,-2.6499996],"angle":22.5,"axis":"x"}},{"from":[4.0,13.75,3.1],"to":[7.0,16.25,6.1],"faces":{"east":{"uv":[1.7575,13.5075,2.1175,13.8125],"tintindex":0,"rotation":0,"texture":"#0"},"south":{"uv":[2.1325,13.5075,2.4925,13.8125],"tintindex":0,"rotation":0,"texture":"#0"},"north":{"uv":[13.3825,13.1325,13.7425,13.4375],"tintindex":0,"rotation":0,"texture":"#0"},"west":{"uv":[2.5075,13.5075,2.8675,13.8125],"tintindex":0,"rotation":0,"texture":"#0"},"up":{"uv":[13.6175,3.2425,13.2575,2.8825],"tintindex":0,"rotation":0,"texture":"#0"},"down":{"uv":[13.6175,6.3825,13.2575,6.7425],"tintindex":0,"rotation":0,"texture":"#0"}},"rotation":{"origin":[5.5,15.25,4.6],"angle":-22.5,"axis":"x"}},{"from":[14.5,13.0,1.3499999],"to":[17.5,16.0,4.35],"faces":{"east":{"uv":[13.6175,8.2575,13.2575,8.6175],"tintindex":0,"rotation":0,"texture":"#0"},"south":{"uv":[13.6175,7.8825,13.2575,8.2425],"tintindex":0,"rotation":0,"texture":"#0"},"north":{"uv":[7.7425,13.2575,7.3825,13.6175],"tintindex":0,"rotation":0,"texture":"#0"},"west":{"uv":[8.1175,13.2575,7.7575,13.6175],"tintindex":0,"rotation":0,"texture":"#0"},"up":{"uv":[13.2575,8.9925,13.6175,8.6325],"tintindex":0,"rotation":0,"texture":"#0"},"down":{"uv":[13.2575,9.0075,13.6175,9.3675],"tintindex":0,"rotation":0,"texture":"#0"}},"rotation":{"origin":[16.0,14.5,2.85],"angle":45.0,"axis":"y"}},{"from":[15.15,19.55,2.85],"to":[16.4,21.05,4.35],"faces":{"east":{"uv":[14.9375,14.6325,14.7575,14.8125],"tintindex":0,"rotation":0,"texture":"#0"},"south":{"uv":[14.6875,14.7575,14.5075,14.9375],"tintindex":0,"rotation":0,"texture":"#0"},"north":{"uv":[14.9375,13.5075,14.7575,13.6875],"tintindex":0,"rotation":0,"texture":"#0"},"west":{"uv":[14.9375,14.3825,14.7575,14.5625],"tintindex":0,"rotation":0,"texture":"#0"},"up":{"uv":[14.8825,0.1875,15.0625,0.0075],"tintindex":0,"rotation":0,"texture":"#0"},"down":{"uv":[14.8825,0.2575,15.0625,0.4375],"tintindex":0,"rotation":0,"texture":"#0"}}},{"from":[5.1,11.0,2.3999996],"to":[6.1,13.0,4.3999996],"faces":{"east":{"uv":[14.2575,10.0075,14.4925,10.2425],"tintindex":0,"rotation":0,"texture":"#0"},"south":{"uv":[12.5075,14.7575,12.6175,14.9925],"tintindex":0,"rotation":0,"texture":"#0"},"north":{"uv":[11.5075,14.7575,11.6175,14.9925],"tintindex":0,"rotation":0,"texture":"#0"},"west":{"uv":[10.5075,14.2575,10.7425,14.4925],"tintindex":0,"rotation":0,"texture":"#0"},"up":{"uv":[0.3675,15.1175,0.2575,14.8825],"tintindex":0,"rotation":0,"texture":"#0"},"down":{"uv":[5.9925,14.8825,5.8825,15.1175],"tintindex":0,"rotation":0,"texture":"#0"}},"rotation":{"origin":[5.1,8.5,4.3999996],"angle":-45.0,"axis":"y"}},{"from":[2.0,13.5,3.1],"to":[5.0,16.5,6.1],"faces":{"east":{"uv":[13.2575,0.0075,13.6175,0.3675],"tintindex":0,"rotation":0,"texture":"#0"},"south":{"uv":[13.2575,0.3825,13.6175,0.7425],"tintindex":0,"rotation":0,"texture":"#0"},"north":{"uv":[13.1325,7.1325,13.4925,7.4925],"tintindex":0,"rotation":0,"texture":"#0"},"west":{"uv":[13.2575,0.7575,13.6175,1.1175],"tintindex":0,"rotation":0,"texture":"#0"},"up":{"uv":[1.4925,13.6175,1.1325,13.2575],"tintindex":0,"rotation":0,"texture":"#0"},"down":{"uv":[13.6175,1.8825,13.2575,2.2425],"tintindex":0,"rotation":0,"texture":"#0"}},"rotation":{"origin":[3.5,15.0,4.6],"angle":-22.5,"axis":"y"}},{"from":[9.0,7.25,3.35],"to":[10.0,10.25,5.85],"faces":{"east":{"uv":[13.3125,13.3825,13.0075,13.7425],"tintindex":0,"rotation":0,"texture":"#0"},"south":{"uv":[12.3675,6.7575,12.2575,7.1175],"tintindex":0,"rotation":0,"texture":"#0"},"north":{"uv":[0.6175,10.6325,0.5075,10.9925],"tintindex":0,"rotation":0,"texture":"#0"},"west":{"uv":[13.6875,12.7575,13.3825,13.1175],"tintindex":0,"rotation":0,"texture":"#0"},"up":{"uv":[14.7575,0.3125,14.8675,0.0075],"tintindex":0,"rotation":0,"texture":"#0"},"down":{"uv":[0.3825,14.7575,0.4925,15.0625],"tintindex":0,"rotation":0,"texture":"#0"}},"rotation":{"origin":[10.0,8.25,5.35],"angle":22.5,"axis":"y"}},{"from":[16.0,14.75,-3.3999996],"to":[18.5,17.25,-1.3999996],"faces":{"east":{"uv":[2.3675,14.1325,2.1325,14.4375],"tintindex":0,"rotation":0,"texture":"#0"},"south":{"uv":[11.9375,13.6325,11.6325,13.9375],"tintindex":0,"rotation":0,"texture":"#0"},"north":{"uv":[13.9375,11.2575,13.6325,11.5625],"tintindex":0,"rotation":0,"texture":"#0"},"west":{"uv":[2.1175,14.1325,1.8825,14.4375],"tintindex":0,"rotation":0,"texture":"#0"},"up":{"uv":[2.3825,14.3675,2.6875,14.1325],"tintindex":0,"rotation":0,"texture":"#0"},"down":{"uv":[2.7575,14.1325,3.0625,14.3675],"tintindex":0,"rotation":0,"texture":"#0"}},"rotation":{"origin":[17.0,15.75,-3.3999996],"angle":45.0,"axis":"x"}},{"from":[6.5,11.0,3.0],"to":[9.5,13.0,6.0],"faces":{"east":{"uv":[2.6325,13.8825,2.9925,14.1175],"tintindex":0,"rotation":0,"texture":"#0"},"south":{"uv":[3.0075,13.8825,3.3675,14.1175],"tintindex":0,"rotation":0,"texture":"#0"},"north":{"uv":[2.2575,13.8825,2.6175,14.1175],"tintindex":0,"rotation":0,"texture":"#0"},"west":{"uv":[3.3825,13.8825,3.7425,14.1175],"tintindex":0,"rotation":0,"texture":"#0"},"up":{"uv":[5.3675,13.4925,5.0075,13.1325],"tintindex":0,"rotation":0,"texture":"#0"},"down":{"uv":[5.7425,13.1325,5.3825,13.4925],"tintindex":0,"rotation":0,"texture":"#0"}}},{"from":[16.475,21.849998,-3.0500002],"to":[17.775,24.150002,-1.250001],"faces":{"east":{"uv":[14.3675,5.2575,14.1325,5.5625],"tintindex":0,"rotation":0,"texture":"#0"},"south":{"uv":[14.6875,13.5075,14.5075,13.8125],"tintindex":0,"rotation":0,"texture":"#0"},"north":{"uv":[13.3125,14.5075,13.1325,14.8125],"tintindex":0,"rotation":0,"texture":"#0"},"west":{"uv":[14.3675,4.8825,14.1325,5.1875],"tintindex":0,"rotation":0,"texture":"#0"},"up":{"uv":[14.6325,5.6175,14.8125,5.3825],"tintindex":0,"rotation":0,"texture":"#0"},"down":{"uv":[5.6325,14.6325,5.8125,14.8675],"tintindex":0,"rotation":0,"texture":"#0"}},"rotation":{"origin":[16.875,22.75,-3.1499996],"angle":45.0,"axis":"x"}},{"from":[-0.6499996,20.350002,2.9499998],"to":[0.5999999,21.850002,4.45],"faces":{"east":{"uv":[11.2575,14.7575,11.4375,14.9375],"tintindex":0,"rotation":0,"texture":"#0"},"south":{"uv":[12.2575,14.7575,12.4375,14.9375],"tintindex":0,"rotation":0,"texture":"#0"},"north":{"uv":[14.7575,10.7575,14.9375,10.9375],"tintindex":0,"rotation":0,"texture":"#0"},"west":{"uv":[14.7575,12.3825,14.9375,12.5625],"tintindex":0,"rotation":0,"texture":"#0"},"up":{"uv":[14.9375,12.8125,14.7575,12.6325],"tintindex":0,"rotation":0,"texture":"#0"},"down":{"uv":[14.9375,12.8825,14.7575,13.0625],"tintindex":0,"rotation":0,"texture":"#0"}},"rotation":{"origin":[0.3499999,20.850002,2.9499998],"angle":-22.5,"axis":"x"}},{"from":[-1.5,13.0,1.3499999],"to":[1.5,16.0,4.35],"faces":{"east":{"uv":[7.7575,13.2575,8.1175,13.6175],"tintindex":0,"rotation":0,"texture":"#0"},"south":{"uv":[13.2575,7.8825,13.6175,8.2425],"tintindex":0,"rotation":0,"texture":"#0"},"north":{"uv":[7.3825,13.2575,7.7425,13.6175],"tintindex":0,"rotation":0,"texture":"#0"},"west":{"uv":[13.2575,8.2575,13.6175,8.6175],"tintindex":0,"rotation":0,"texture":"#0"},"up":{"uv":[13.6175,8.9925,13.2575,8.6325],"tintindex":0,"rotation":0,"texture":"#0"},"down":{"uv":[13.6175,9.0075,13.2575,9.3675],"tintindex":0,"rotation":0,"texture":"#0"}},"rotation":{"origin":[0.0,14.5,2.85],"angle":-45.0,"axis":"y"}},{"from":[-2.25,13.5,-2.6499996],"to":[0.25,16.0,-0.6499996],"faces":{"east":{"uv":[13.7575,14.0075,13.9925,14.3125],"tintindex":0,"rotation":0,"texture":"#0"},"south":{"uv":[11.2575,13.6325,11.5625,13.9375],"tintindex":0,"rotation":0,"texture":"#0"},"north":{"uv":[13.6325,10.8825,13.9375,11.1875],"tintindex":0,"rotation":0,"texture":"#0"},"west":{"uv":[14.0075,14.0075,14.2425,14.3125],"tintindex":0,"rotation":0,"texture":"#0"},"up":{"uv":[0.3125,14.3675,0.0075,14.1325],"tintindex":0,"rotation":0,"texture":"#0"},"down":{"uv":[1.8125,14.1325,1.5075,14.3675],"tintindex":0,"rotation":0,"texture":"#0"}},"rotation":{"origin":[-0.75,14.5,-2.6499996],"angle":22.5,"axis":"x"}},{"from":[16.5,17.25,-4.8999996],"to":[18.5,19.75,-2.3999996],"faces":{"east":{"uv":[9.4375,13.7575,9.1325,14.0625],"tintindex":0,"rotation":0,"texture":"#0"},"south":{"uv":[3.6175,14.1325,3.3825,14.4375],"tintindex":0,"rotation":0,"texture":"#0"},"north":{"uv":[3.3675,14.1325,3.1325,14.4375],"tintindex":0,"rotation":0,"texture":"#0"},"west":{"uv":[8.5625,13.7575,8.2575,14.0625],"tintindex":0,"rotation":0,"texture":"#0"},"up":{"uv":[3.6325,14.4375,3.8675,14.1325],"tintindex":0,"rotation":0,"texture":"#0"},"down":{"uv":[3.8825,14.1325,4.1175,14.4375],"tintindex":0,"rotation":0,"texture":"#0"}}},{"from":[14.95,18.8,2.5500002],"to":[16.2,20.3,3.8000002],"faces":{"east":{"uv":[15.0625,1.2575,14.8825,1.4375],"tintindex":0,"rotation":0,"texture":"#0"},"south":{"uv":[15.0625,1.0075,14.8825,1.1875],"tintindex":0,"rotation":0,"texture":"#0"},"north":{"uv":[15.0625,0.5075,14.8825,0.6875],"tintindex":0,"rotation":0,"texture":"#0"},"west":{"uv":[15.0625,0.7575,14.8825,0.9375],"tintindex":0,"rotation":0,"texture":"#0"},"up":{"uv":[14.8825,1.6875,15.0625,1.5075],"tintindex":0,"rotation":0,"texture":"#0"},"down":{"uv":[14.8825,1.7575,15.0625,1.9375],"tintindex":0,"rotation":0,"texture":"#0"}},"rotation":{"origin":[15.2,19.3,2.5500002],"angle":22.5,"axis":"x"}},{"from":[-1.1499996,22.850002,1.4499998],"to":[0.099999905,24.350002,2.9499998],"faces":{"east":{"uv":[14.7575,8.6325,14.9375,8.8125],"tintindex":0,"rotation":0,"texture":"#0"},"south":{"uv":[14.7575,8.8825,14.9375,9.0625],"tintindex":0,"rotation":0,"texture":"#0"},"north":{"uv":[14.7575,6.7575,14.9375,6.9375],"tintindex":0,"rotation":0,"texture":"#0"},"west":{"uv":[14.7575,9.1325,14.9375,9.3125],"tintindex":0,"rotation":0,"texture":"#0"},"up":{"uv":[9.5625,14.9375,9.3825,14.7575],"tintindex":0,"rotation":0,"texture":"#0"},"down":{"uv":[14.9375,9.3825,14.7575,9.5625],"tintindex":0,"rotation":0,"texture":"#0"}},"rotation":{"origin":[-0.14999962,23.350002,1.4499998],"angle":22.5,"axis":"x"}},{"from":[5.05,11.0,4.3999996],"to":[5.55,13.0,10.65],"faces":{"east":{"uv":[7.6325,1.7575,8.4375,1.9925],"tintindex":0,"rotation":0,"texture":"#0"},"south":{"uv":[15.0075,12.7575,15.0625,12.9925],"tintindex":0,"rotation":0,"texture":"#0"},"north":{"uv":[12.5075,15.0075,12.5625,15.2425],"tintindex":0,"rotation":0,"texture":"#0"},"west":{"uv":[12.6325,3.8825,13.4375,4.1175],"tintindex":0,"rotation":0,"texture":"#0"},"up":{"uv":[4.9375,15.4375,4.8825,14.6325],"tintindex":0,"rotation":0,"texture":"#0"},"down":{"uv":[5.0625,14.6325,5.0075,15.4375],"tintindex":0,"rotation":0,"texture":"#0"}}},{"from":[16.25,15.0,-4.3999996],"to":[18.75,17.5,-1.8999996],"faces":{"east":{"uv":[6.0625,13.7575,5.7575,14.0625],"tintindex":0,"rotation":0,"texture":"#0"},"south":{"uv":[12.6875,13.6325,12.3825,13.9375],"tintindex":0,"rotation":0,"texture":"#0"},"north":{"uv":[13.9375,11.6325,13.6325,11.9375],"tintindex":0,"rotation":0,"texture":"#0"},"west":{"uv":[12.3125,13.6325,12.0075,13.9375],"tintindex":0,"rotation":0,"texture":"#0"},"up":{"uv":[13.7575,6.0625,14.0625,5.7575],"tintindex":0,"rotation":0,"texture":"#0"},"down":{"uv":[7.8825,13.7575,8.1875,14.0625],"tintindex":0,"rotation":0,"texture":"#0"}},"rotation":{"origin":[17.25,16.0,-4.3999996],"angle":-22.5,"axis":"x"}},{"from":[9.0,13.75,3.1],"to":[12.0,16.25,6.1],"faces":{"east":{"uv":[2.8675,13.5075,2.5075,13.8125],"tintindex":0,"rotation":0,"texture":"#0"},"south":{"uv":[2.4925,13.5075,2.1325,13.8125],"tintindex":0,"rotation":0,"texture":"#0"},"north":{"uv":[13.7425,13.1325,13.3825,13.4375],"tintindex":0,"rotation":0,"texture":"#0"},"west":{"uv":[2.1175,13.5075,1.7575,13.8125],"tintindex":0,"rotation":0,"texture":"#0"},"up":{"uv":[13.2575,3.2425,13.6175,2.8825],"tintindex":0,"rotation":0,"texture":"#0"},"down":{"uv":[13.2575,6.3825,13.6175,6.7425],"tintindex":0,"rotation":0,"texture":"#0"}},"rotation":{"origin":[10.5,15.25,4.6],"angle":-22.5,"axis":"x"}},{"from":[15.4,20.350002,2.9499998],"to":[16.65,21.850002,4.45],"faces":{"east":{"uv":[14.9375,12.3825,14.7575,12.5625],"tintindex":0,"rotation":0,"texture":"#0"},"south":{"uv":[12.4375,14.7575,12.2575,14.9375],"tintindex":0,"rotation":0,"texture":"#0"},"north":{"uv":[14.9375,10.7575,14.7575,10.9375],"tintindex":0,"rotation":0,"texture":"#0"},"west":{"uv":[11.4375,14.7575,11.2575,14.9375],"tintindex":0,"rotation":0,"texture":"#0"},"up":{"uv":[14.7575,12.8125,14.9375,12.6325],"tintindex":0,"rotation":0,"texture":"#0"},"down":{"uv":[14.7575,12.8825,14.9375,13.0625],"tintindex":0,"rotation":0,"texture":"#0"}},"rotation":{"origin":[15.65,20.850002,2.9499998],"angle":-22.5,"axis":"x"}},{"from":[-1.3500004,22.850002,-0.14999962],"to":[-0.10000038,24.350002,1.8499999],"faces":{"east":{"uv":[14.6325,7.2575,14.8675,7.4375],"tintindex":0,"rotation":0,"texture":"#0"},"south":{"uv":[14.7575,6.5075,14.9375,6.6875],"tintindex":0,"rotation":0,"texture":"#0"},"north":{"uv":[6.5075,14.7575,6.6875,14.9375],"tintindex":0,"rotation":0,"texture":"#0"},"west":{"uv":[7.5075,14.6325,7.7425,14.8125],"tintindex":0,"rotation":0,"texture":"#0"},"up":{"uv":[14.8125,7.8675,14.6325,7.6325],"tintindex":0,"rotation":0,"texture":"#0"},"down":{"uv":[7.9375,14.6325,7.7575,14.8675],"tintindex":0,"rotation":0,"texture":"#0"}}},{"from":[-2.0,12.75,-1.1499996],"to":[0.5,15.25,0.8499999],"faces":{"east":{"uv":[11.8825,14.0075,12.1175,14.3125],"tintindex":0,"rotation":0,"texture":"#0"},"south":{"uv":[13.6325,8.6325,13.9375,8.9375],"tintindex":0,"rotation":0,"texture":"#0"},"north":{"uv":[13.6325,8.2575,13.9375,8.5625],"tintindex":0,"rotation":0,"texture":"#0"},"west":{"uv":[12.1325,14.0075,12.3675,14.3125],"tintindex":0,"rotation":0,"texture":"#0"},"up":{"uv":[14.3125,11.9925,14.0075,11.7575],"tintindex":0,"rotation":0,"texture":"#0"},"down":{"uv":[12.6875,14.0075,12.3825,14.2425],"tintindex":0,"rotation":0,"texture":"#0"}}},{"from":[0.25,18.55,1.7999997],"to":[1.25,19.55,2.8000002],"faces":{"east":{"uv":[12.8825,1.3825,12.9925,1.4925],"tintindex":0,"rotation":0,"texture":"#0"},"south":{"uv":[9.3825,12.8825,9.4925,12.9925],"tintindex":0,"rotation":0,"texture":"#0"},"north":{"uv":[12.5075,11.1325,12.6175,11.2425],"tintindex":0,"rotation":0,"texture":"#0"},"west":{"uv":[13.0075,4.5075,13.1175,4.6175],"tintindex":0,"rotation":0,"texture":"#0"},"up":{"uv":[13.3675,2.3675,13.2575,2.2575],"tintindex":0,"rotation":0,"texture":"#0"},"down":{"uv":[8.2425,13.2575,8.1325,13.3675],"tintindex":0,"rotation":0,"texture":"#0"}},"rotation":{"origin":[1.0,18.55,1.7999997],"angle":45.0,"axis":"x"}},{"from":[-2.0,12.5,0.5999999],"to":[1.0,15.5,2.6],"faces":{"east":{"uv":[3.3825,11.2575,3.6175,11.6175],"tintindex":0,"rotation":0,"texture":"#0"},"south":{"uv":[13.2575,10.8825,13.6175,11.2425],"tintindex":0,"rotation":0,"texture":"#0"},"north":{"uv":[13.2575,9.3825,13.6175,9.7425],"tintindex":0,"rotation":0,"texture":"#0"},"west":{"uv":[11.5075,6.1325,11.7425,6.4925],"tintindex":0,"rotation":0,"texture":"#0"},"up":{"uv":[14.2425,3.9925,13.8825,3.7575],"tintindex":0,"rotation":0,"texture":"#0"},"down":{"uv":[4.3675,13.8825,4.0075,14.1175],"tintindex":0,"rotation":0,"texture":"#0"}},"rotation":{"origin":[-0.5,14.0,1.0999999],"angle":22.5,"axis":"z"}},{"from":[-0.8999996,22.350002,2.4499998],"to":[0.3499999,23.850002,3.9499998],"faces":{"east":{"uv":[9.7575,14.7575,9.9375,14.9375],"tintindex":0,"rotation":0,"texture":"#0"},"south":{"uv":[14.7575,9.8825,14.9375,10.0625],"tintindex":0,"rotation":0,"texture":"#0"},"north":{"uv":[14.7575,9.6325,14.9375,9.8125],"tintindex":0,"rotation":0,"texture":"#0"},"west":{"uv":[10.0075,14.7575,10.1875,14.9375],"tintindex":0,"rotation":0,"texture":"#0"},"up":{"uv":[14.9375,10.3125,14.7575,10.1325],"tintindex":0,"rotation":0,"texture":"#0"},"down":{"uv":[10.4375,14.7575,10.2575,14.9375],"tintindex":0,"rotation":0,"texture":"#0"}},"rotation":{"origin":[0.099999905,22.850002,2.4499998],"angle":45.0,"axis":"x"}},{"from":[-2.75,15.0,-4.3999996],"to":[-0.25,17.5,-1.8999996],"faces":{"east":{"uv":[12.0075,13.6325,12.3125,13.9375],"tintindex":0,"rotation":0,"texture":"#0"},"south":{"uv":[12.3825,13.6325,12.6875,13.9375],"tintindex":0,"rotation":0,"texture":"#0"},"north":{"uv":[13.6325,11.6325,13.9375,11.9375],"tintindex":0,"rotation":0,"texture":"#0"},"west":{"uv":[5.7575,13.7575,6.0625,14.0625],"tintindex":0,"rotation":0,"texture":"#0"},"up":{"uv":[14.0625,6.0625,13.7575,5.7575],"tintindex":0,"rotation":0,"texture":"#0"},"down":{"uv":[8.1875,13.7575,7.8825,14.0625],"tintindex":0,"rotation":0,"texture":"#0"}},"rotation":{"origin":[-1.25,16.0,-4.3999996],"angle":-22.5,"axis":"x"}},{"from":[6.25,8.0,5.0],"to":[9.75,10.5,10.5],"faces":{"east":{"uv":[12.3825,7.2575,13.0625,7.5625],"tintindex":0,"rotation":0,"texture":"#0"},"south":{"uv":[13.2575,12.0075,13.6875,12.3125],"tintindex":0,"rotation":0,"texture":"#0"},"north":{"uv":[12.0075,13.2575,12.4375,13.5625],"tintindex":0,"rotation":0,"texture":"#0"},"west":{"uv":[12.6325,5.1325,13.3125,5.4375],"tintindex":0,"rotation":0,"texture":"#0"},"up":{"uv":[2.8125,11.9375,2.3825,11.2575],"tintindex":0,"rotation":0,"texture":"#0"},"down":{"uv":[3.3125,11.2575,2.8825,11.9375],"tintindex":0,"rotation":0,"texture":"#0"}}},{"from":[-1.7749996,21.849998,-3.0500002],"to":[-0.47500038,24.150002,-1.250001],"faces":{"east":{"uv":[14.1325,4.8825,14.3675,5.1875],"tintindex":0,"rotation":0,"texture":"#0"},"south":{"uv":[14.5075,13.5075,14.6875,13.8125],"tintindex":0,"rotation":0,"texture":"#0"},"north":{"uv":[13.1325,14.5075,13.3125,14.8125],"tintindex":0,"rotation":0,"texture":"#0"},"west":{"uv":[14.1325,5.2575,14.3675,5.5625],"tintindex":0,"rotation":0,"texture":"#0"},"up":{"uv":[14.8125,5.6175,14.6325,5.3825],"tintindex":0,"rotation":0,"texture":"#0"},"down":{"uv":[5.8125,14.6325,5.6325,14.8675],"tintindex":0,"rotation":0,"texture":"#0"}},"rotation":{"origin":[-0.875,22.75,-3.1499996],"angle":45.0,"axis":"x"}},{"from":[9.5,6.0,9.6],"to":[12.5,11.0,9.6],"faces":{"south":{"uv":[12.6175,7.8825,12.2575,8.4925],"tintindex":0,"rotation":0,"texture":"#0"},"north":{"uv":[7.4925,12.2575,7.1325,12.8675],"tintindex":0,"rotation":0,"texture":"#0"}},"rotation":{"origin":[11.5,10.0,9.35],"angle":45.0,"axis":"z"}},{"from":[-2.1499996,19.75,-4.3999996],"to":[-0.6499996,22.25,-2.3999996],"faces":{"east":{"uv":[14.1325,4.0075,14.3675,4.3125],"tintindex":0,"rotation":0,"texture":"#0"},"south":{"uv":[14.5075,12.3825,14.6875,12.6875],"tintindex":0,"rotation":0,"texture":"#0"},"north":{"uv":[10.5075,14.5075,10.6875,14.8125],"tintindex":0,"rotation":0,"texture":"#0"},"west":{"uv":[4.1325,14.1325,4.3675,14.4375],"tintindex":0,"rotation":0,"texture":"#0"},"up":{"uv":[14.8125,5.3675,14.6325,5.1325],"tintindex":0,"rotation":0,"texture":"#0"},"down":{"uv":[5.5625,14.6325,5.3825,14.8675],"tintindex":0,"rotation":0,"texture":"#0"}},"rotation":{"origin":[-1.1499996,20.75,-4.3999996],"angle":22.5,"axis":"x"}},{"from":[6.0,7.25,3.35],"to":[7.0,10.25,5.85],"faces":{"east":{"uv":[13.3825,12.7575,13.6875,13.1175],"tintindex":0,"rotation":0,"texture":"#0"},"south":{"uv":[12.2575,6.7575,12.3675,7.1175],"tintindex":0,"rotation":0,"texture":"#0"},"north":{"uv":[0.5075,10.6325,0.6175,10.9925],"tintindex":0,"rotation":0,"texture":"#0"},"west":{"uv":[13.0075,13.3825,13.3125,13.7425],"tintindex":0,"rotation":0,"texture":"#0"},"up":{"uv":[14.8675,0.3125,14.7575,0.0075],"tintindex":0,"rotation":0,"texture":"#0"},"down":{"uv":[0.4925,14.7575,0.3825,15.0625],"tintindex":0,"rotation":0,"texture":"#0"}},"rotation":{"origin":[6.0,8.25,5.35],"angle":-22.5,"axis":"y"}},{"from":[-0.39999962,19.55,2.85],"to":[0.8499999,21.05,4.35],"faces":{"east":{"uv":[14.7575,14.3825,14.9375,14.5625],"tintindex":0,"rotation":0,"texture":"#0"},"south":{"uv":[14.5075,14.7575,14.6875,14.9375],"tintindex":0,"rotation":0,"texture":"#0"},"north":{"uv":[14.7575,13.5075,14.9375,13.6875],"tintindex":0,"rotation":0,"texture":"#0"},"west":{"uv":[14.7575,14.6325,14.9375,14.8125],"tintindex":0,"rotation":0,"texture":"#0"},"up":{"uv":[15.0625,0.1875,14.8825,0.0075],"tintindex":0,"rotation":0,"texture":"#0"},"down":{"uv":[15.0625,0.2575,14.8825,0.4375],"tintindex":0,"rotation":0,"texture":"#0"}}}],"display":{"head":{"rotation":[0.0,0.0,0.0]},"firstperson_righthand":{"rotation":[0.0,0.0,0.0]},"thirdperson_lefthand":{"rotation":[0.0,-0.0,-0.0]},"firstperson_lefthand":{"rotation":[0.0,-0.0,-0.0]},"fixed":{"rotation":[0.0,0.0,0.0]},"ground":{"rotation":[0.0,0.0,0.0]},"thirdperson_righthand":{"rotation":[0.0,0.0,0.0]},"gui":{"rotation":[-150.0,-45.0,180.0]}}}