{"textures":{"0":"modelengine:entity/illidan","particle":"#0"},"elements":[{"from":[8.0,-3.5,-1.0],"to":[8.0,8.5,10.0],"faces":{"east":{"uv":[8.6325,3.2575,9.3125,3.9925],"tintindex":0,"rotation":0,"texture":"#0"},"west":{"uv":[8.6325,4.0075,9.3125,4.7425],"tintindex":0,"rotation":0,"texture":"#0"}},"rotation":{"origin":[8.0,8.5,6.0],"angle":-22.5,"axis":"z"}},{"from":[8.0,2.0,5.0],"to":[8.0,8.0,12.0],"faces":{"east":{"uv":[5.7575,13.0075,6.1875,13.3675],"tintindex":0,"rotation":0,"texture":"#0"},"west":{"uv":[8.2575,13.0075,8.6875,13.3675],"tintindex":0,"rotation":0,"texture":"#0"}},"rotation":{"origin":[8.0,8.0,8.0],"angle":-45.0,"axis":"z"}}],"display":{"head":{"rotation":[0.0,0.0,0.0]},"firstperson_righthand":{"rotation":[0.0,0.0,0.0]},"thirdperson_lefthand":{"rotation":[0.0,-0.0,-0.0]},"firstperson_lefthand":{"rotation":[0.0,-0.0,-0.0]},"fixed":{"rotation":[0.0,0.0,0.0]},"ground":{"rotation":[0.0,0.0,0.0]},"thirdperson_righthand":{"rotation":[0.0,0.0,0.0]},"gui":{"rotation":[-150.0,-45.0,180.0]}}}