{"textures":{"0":"modelengine:entity/illidan","particle":"#0"},"elements":[{"from":[6.75,11.0,6.75],"to":[9.25,20.0,9.25],"faces":{"east":{"uv":[5.3825,10.3825,5.6875,11.4925],"tintindex":0,"rotation":0,"texture":"#0"},"south":{"uv":[5.7575,10.3825,6.0625,11.4925],"tintindex":0,"rotation":0,"texture":"#0"},"north":{"uv":[4.2575,10.3825,4.5625,11.4925],"tintindex":0,"rotation":0,"texture":"#0"},"west":{"uv":[6.1325,10.3825,6.4375,11.4925],"tintindex":0,"rotation":0,"texture":"#0"},"up":{"uv":[14.0625,13.0625,13.7575,12.7575],"tintindex":0,"rotation":0,"texture":"#0"},"down":{"uv":[14.0625,13.1325,13.7575,13.4375],"tintindex":0,"rotation":0,"texture":"#0"}}},{"from":[7.0,20.0,7.0],"to":[9.0,26.0,9.0],"faces":{"east":{"uv":[8.8825,12.6325,9.1175,13.3675],"tintindex":0,"rotation":0,"texture":"#0"},"south":{"uv":[6.5075,12.8825,6.7425,13.6175],"tintindex":0,"rotation":0,"texture":"#0"},"north":{"uv":[11.5075,12.5075,11.7425,13.2425],"tintindex":0,"rotation":0,"texture":"#0"},"west":{"uv":[7.1325,12.8825,7.3675,13.6175],"tintindex":0,"rotation":0,"texture":"#0"},"up":{"uv":[5.1175,14.6175,4.8825,14.3825],"tintindex":0,"rotation":0,"texture":"#0"},"down":{"uv":[14.6175,4.8825,14.3825,5.1175],"tintindex":0,"rotation":0,"texture":"#0"}}},{"from":[3.5,13.0,7.5],"to":[7.0,25.0,7.5],"faces":{"south":{"uv":[6.875,7.0,7.305,8.485],"tintindex":0,"rotation":0,"texture":"#0"},"north":{"uv":[7.305,7.0,6.875,8.485],"tintindex":0,"rotation":0,"texture":"#0"}}},{"from":[7.0,7.0,7.0],"to":[9.0,11.0,9.0],"faces":{"east":{"uv":[3.2575,13.3825,3.4925,13.8675],"tintindex":0,"rotation":0,"texture":"#0"},"south":{"uv":[3.5075,13.3825,3.7425,13.8675],"tintindex":0,"rotation":0,"texture":"#0"},"north":{"uv":[13.3825,2.2575,13.6175,2.7425],"tintindex":0,"rotation":0,"texture":"#0"},"west":{"uv":[13.3825,4.8825,13.6175,5.3675],"tintindex":0,"rotation":0,"texture":"#0"},"up":{"uv":[14.7425,9.9925,14.5075,9.7575],"tintindex":0,"rotation":0,"texture":"#0"},"down":{"uv":[14.7425,10.0075,14.5075,10.2425],"tintindex":0,"rotation":0,"texture":"#0"}}}],"display":{"head":{"rotation":[0.0,0.0,0.0]},"firstperson_righthand":{"rotation":[0.0,0.0,0.0]},"thirdperson_lefthand":{"rotation":[0.0,-0.0,-0.0]},"firstperson_lefthand":{"rotation":[0.0,-0.0,-0.0]},"fixed":{"rotation":[0.0,0.0,0.0]},"ground":{"rotation":[0.0,0.0,0.0]},"thirdperson_righthand":{"rotation":[0.0,0.0,0.0]},"gui":{"rotation":[-150.0,-45.0,180.0]}}}