{"textures":{"0":"modelengine:entity/illidan","particle":"#0"},"elements":[{"from":[7.0,7.0,7.0],"to":[9.0,9.0,9.0],"faces":{"east":{"uv":[8.8825,14.3825,9.1175,14.6175],"tintindex":0,"rotation":0,"texture":"#0"},"south":{"uv":[14.3825,8.8825,14.6175,9.1175],"tintindex":0,"rotation":0,"texture":"#0"},"north":{"uv":[14.3825,8.6325,14.6175,8.8675],"tintindex":0,"rotation":0,"texture":"#0"},"west":{"uv":[9.1325,14.3825,9.3675,14.6175],"tintindex":0,"rotation":0,"texture":"#0"},"up":{"uv":[14.6175,9.3675,14.3825,9.1325],"tintindex":0,"rotation":0,"texture":"#0"},"down":{"uv":[10.9925,14.3825,10.7575,14.6175],"tintindex":0,"rotation":0,"texture":"#0"}}},{"from":[7.25,-7.0,7.25],"to":[8.75,7.0,8.75],"faces":{"east":{"uv":[10.5075,10.7575,10.6875,12.4925],"tintindex":0,"rotation":0,"texture":"#0"},"south":{"uv":[10.7575,10.7575,10.9375,12.4925],"tintindex":0,"rotation":0,"texture":"#0"},"north":{"uv":[10.2575,10.7575,10.4375,12.4925],"tintindex":0,"rotation":0,"texture":"#0"},"west":{"uv":[4.6325,10.8825,4.8125,12.6175],"tintindex":0,"rotation":0,"texture":"#0"},"up":{"uv":[5.5625,15.0625,5.3825,14.8825],"tintindex":0,"rotation":0,"texture":"#0"},"down":{"uv":[15.0625,5.5075,14.8825,5.6875],"tintindex":0,"rotation":0,"texture":"#0"}}},{"from":[8.75,-7.0,8.5],"to":[13.25,9.0,8.5],"faces":{"south":{"uv":[6.18,6.5,5.625,8.485],"tintindex":0,"rotation":0,"texture":"#0"},"north":{"uv":[5.625,6.5,6.18,8.485],"tintindex":0,"rotation":0,"texture":"#0"}}}],"display":{"head":{"rotation":[0.0,0.0,0.0]},"firstperson_righthand":{"rotation":[0.0,0.0,0.0]},"thirdperson_lefthand":{"rotation":[0.0,-0.0,-0.0]},"firstperson_lefthand":{"rotation":[0.0,-0.0,-0.0]},"fixed":{"rotation":[0.0,0.0,0.0]},"ground":{"rotation":[0.0,0.0,0.0]},"thirdperson_righthand":{"rotation":[0.0,0.0,0.0]},"gui":{"rotation":[-150.0,-45.0,180.0]}}}