{"textures":{"0":"modelengine:entity/illidan","particle":"#0"},"elements":[{"from":[12.4,5.5999985,3.0],"to":[12.4,8.599998,13.0],"faces":{"east":{"uv":[13.6325,1.3825,14.2425,1.5625],"tintindex":0,"rotation":0,"texture":"#0"},"west":{"uv":[13.6325,1.8825,14.2425,2.0625],"tintindex":0,"rotation":0,"texture":"#0"}},"rotation":{"origin":[12.4,5.5999985,8.0],"angle":-45.0,"axis":"z"}},{"from":[3.5999992,5.5999994,3.6000001],"to":[12.4,9.400001,12.4],"faces":{"east":{"uv":[14.0075,1.6325,14.4925,1.8125],"tintindex":0,"rotation":0,"texture":"#0"},"south":{"uv":[14.0075,3.0075,14.4925,3.1875],"tintindex":0,"rotation":0,"texture":"#0"},"north":{"uv":[13.8825,7.2575,14.3675,7.4375],"tintindex":0,"rotation":0,"texture":"#0"},"west":{"uv":[14.0075,3.2575,14.4925,3.4375],"tintindex":0,"rotation":0,"texture":"#0"},"up":{"uv":[12.3675,1.4925,11.8825,1.0075],"tintindex":0,"rotation":0,"texture":"#0"},"down":{"uv":[12.3675,2.0075,11.8825,2.4925],"tintindex":0,"rotation":0,"texture":"#0"}}},{"from":[4.5999994,5.5999994,5.1000004],"to":[11.4,11.399997,12.9],"faces":{"east":{"uv":[13.2575,12.3825,13.6875,12.6875],"tintindex":0,"rotation":0,"texture":"#0"},"south":{"uv":[13.6325,3.0075,13.9925,3.3125],"tintindex":0,"rotation":0,"texture":"#0"},"north":{"uv":[13.6325,2.6325,13.9925,2.9375],"tintindex":0,"rotation":0,"texture":"#0"},"west":{"uv":[12.5075,13.2575,12.9375,13.5625],"tintindex":0,"rotation":0,"texture":"#0"},"up":{"uv":[2.8675,13.4375,2.5075,13.0075],"tintindex":0,"rotation":0,"texture":"#0"},"down":{"uv":[3.2425,13.0075,2.8825,13.4375],"tintindex":0,"rotation":0,"texture":"#0"}}},{"from":[3.0,-4.0,3.5],"to":[12.0,1.0,12.5],"faces":{"east":{"uv":[12.8825,6.7575,13.4375,7.0625],"tintindex":0,"rotation":0,"texture":"#0"},"south":{"uv":[11.7575,12.8825,12.3125,13.1875],"tintindex":0,"rotation":0,"texture":"#0"},"north":{"uv":[12.8825,5.5075,13.4375,5.8125],"tintindex":0,"rotation":0,"texture":"#0"},"west":{"uv":[12.3825,12.8825,12.9375,13.1875],"tintindex":0,"rotation":0,"texture":"#0"},"up":{"uv":[11.5625,3.0625,11.0075,2.5075],"tintindex":0,"rotation":0,"texture":"#0"},"down":{"uv":[11.5625,3.1325,11.0075,3.6875],"tintindex":0,"rotation":0,"texture":"#0"}}},{"from":[3.0,-9.0,4.0],"to":[11.0,-4.0,12.0],"faces":{"east":{"uv":[4.0075,13.1325,4.4925,13.4375],"tintindex":0,"rotation":0,"texture":"#0"},"south":{"uv":[4.5075,13.1325,4.9925,13.4375],"tintindex":0,"rotation":0,"texture":"#0"},"north":{"uv":[13.1325,3.3825,13.6175,3.6875],"tintindex":0,"rotation":0,"texture":"#0"},"west":{"uv":[13.1325,4.5075,13.6175,4.8125],"tintindex":0,"rotation":0,"texture":"#0"},"up":{"uv":[3.2425,12.4925,2.7575,12.0075],"tintindex":0,"rotation":0,"texture":"#0"},"down":{"uv":[12.4925,4.1325,12.0075,4.6175],"tintindex":0,"rotation":0,"texture":"#0"}}},{"from":[3.7000008,5.5999985,3.0],"to":[3.7000008,8.599998,13.0],"faces":{"east":{"uv":[9.6325,2.2575,10.2425,2.4375],"tintindex":0,"rotation":0,"texture":"#0"},"west":{"uv":[5.5075,9.7575,6.1175,9.9375],"tintindex":0,"rotation":0,"texture":"#0"}},"rotation":{"origin":[3.7000008,5.5999985,8.0],"angle":45.0,"axis":"z"}},{"from":[3.0,5.5999985,3.5],"to":[13.0,8.599998,3.5],"faces":{"south":{"uv":[13.6325,1.1325,14.2425,1.3125],"tintindex":0,"rotation":0,"texture":"#0"},"north":{"uv":[13.3825,1.6325,13.9925,1.8125],"tintindex":0,"rotation":0,"texture":"#0"}},"rotation":{"origin":[8.0,5.5999985,3.5],"angle":-45.0,"axis":"x"}},{"from":[3.0,1.0,3.0],"to":[13.0,6.0,13.0],"faces":{"east":{"uv":[0.7575,12.7575,1.3675,13.0625],"tintindex":0,"rotation":0,"texture":"#0"},"south":{"uv":[4.0075,12.7575,4.6175,13.0625],"tintindex":0,"rotation":0,"texture":"#0"},"north":{"uv":[12.6325,11.5075,13.2425,11.8125],"tintindex":0,"rotation":0,"texture":"#0"},"west":{"uv":[5.1325,12.7575,5.7425,13.0625],"tintindex":0,"rotation":0,"texture":"#0"},"up":{"uv":[0.6175,10.6175,0.0075,10.0075],"tintindex":0,"rotation":0,"texture":"#0"},"down":{"uv":[7.2425,10.0075,6.6325,10.6175],"tintindex":0,"rotation":0,"texture":"#0"}}},{"from":[3.0,5.5999985,12.5],"to":[13.0,8.599998,12.5],"faces":{"south":{"uv":[13.6325,2.3825,14.2425,2.5625],"tintindex":0,"rotation":0,"texture":"#0"},"north":{"uv":[13.6325,2.1325,14.2425,2.3125],"tintindex":0,"rotation":0,"texture":"#0"}},"rotation":{"origin":[8.0,5.5999985,12.5],"angle":45.0,"axis":"x"}}],"display":{"head":{"rotation":[0.0,0.0,0.0]},"firstperson_righthand":{"rotation":[0.0,0.0,0.0]},"thirdperson_lefthand":{"rotation":[0.0,-0.0,-0.0]},"firstperson_lefthand":{"rotation":[0.0,-0.0,-0.0]},"fixed":{"rotation":[0.0,0.0,0.0]},"ground":{"rotation":[0.0,0.0,0.0]},"thirdperson_righthand":{"rotation":[0.0,0.0,0.0]},"gui":{"rotation":[-150.0,-45.0,180.0]}}}