{"textures":{"0":"modelengine:entity/illidan","particle":"#0"},"elements":[{"from":[6.0,8.0,8.0],"to":[8.0,14.0,12.0],"faces":{"east":{"uv":[14.0075,4.3825,14.2425,4.7425],"tintindex":0,"rotation":0,"texture":"#0"},"south":{"uv":[9.1325,14.6325,9.2425,14.9925],"tintindex":0,"rotation":0,"texture":"#0"},"north":{"uv":[14.6325,9.0075,14.7425,9.3675],"tintindex":0,"rotation":0,"texture":"#0"},"west":{"uv":[5.3825,14.0075,5.6175,14.3675],"tintindex":0,"rotation":0,"texture":"#0"},"up":{"uv":[8.2425,15.1175,8.1325,14.8825],"tintindex":0,"rotation":0,"texture":"#0"},"down":{"uv":[8.3675,14.8825,8.2575,15.1175],"tintindex":0,"rotation":0,"texture":"#0"}},"rotation":{"origin":[8.0,8.0,8.0],"angle":-45.0,"axis":"y"}},{"from":[6.0,8.0,12.0],"to":[6.0,16.0,28.0],"faces":{"east":{"uv":[9.1325,8.8825,10.1175,9.3675],"tintindex":0,"rotation":0,"texture":"#0"},"west":{"uv":[2.5075,9.2575,3.4925,9.7425],"tintindex":0,"rotation":0,"texture":"#0"}},"rotation":{"origin":[8.0,8.0,8.0],"angle":-45.0,"axis":"y"}}],"display":{"head":{"rotation":[0.0,0.0,0.0]},"firstperson_righthand":{"rotation":[0.0,0.0,0.0]},"thirdperson_lefthand":{"rotation":[0.0,-0.0,-0.0]},"firstperson_lefthand":{"rotation":[0.0,-0.0,-0.0]},"fixed":{"rotation":[0.0,0.0,0.0]},"ground":{"rotation":[0.0,0.0,0.0]},"thirdperson_righthand":{"rotation":[0.0,0.0,0.0]},"gui":{"rotation":[-150.0,-45.0,180.0]}}}