{"textures":{"0":"modelengine:entity/illidan","particle":"#0"},"elements":[{"from":[-6.25,6.25,7.75],"to":[-4.25,7.25,8.25],"faces":{"east":{"uv":[15.1325,3.5075,15.1875,3.6175],"tintindex":0,"rotation":0,"texture":"#0"},"south":{"uv":[12.7575,13.6325,12.9925,13.7425],"tintindex":0,"rotation":0,"texture":"#0"},"north":{"uv":[9.1325,13.6325,9.3675,13.7425],"tintindex":0,"rotation":0,"texture":"#0"},"west":{"uv":[3.6325,15.1325,3.6875,15.2425],"tintindex":0,"rotation":0,"texture":"#0"},"up":{"uv":[15.2425,12.0625,15.0075,12.0075],"tintindex":0,"rotation":0,"texture":"#0"},"down":{"uv":[13.1175,15.0075,12.8825,15.0625],"tintindex":0,"rotation":0,"texture":"#0"}}},{"from":[3.75,7.0,7.0],"to":[6.75,9.0,9.0],"faces":{"east":{"uv":[14.5075,6.1325,14.7425,6.3675],"tintindex":0,"rotation":0,"texture":"#0"},"south":{"uv":[14.0075,7.6325,14.3675,7.8675],"tintindex":0,"rotation":0,"texture":"#0"},"north":{"uv":[7.3825,14.0075,7.7425,14.2425],"tintindex":0,"rotation":0,"texture":"#0"},"west":{"uv":[14.5075,6.3825,14.7425,6.6175],"tintindex":0,"rotation":0,"texture":"#0"},"up":{"uv":[14.3675,8.1175,14.0075,7.8825],"tintindex":0,"rotation":0,"texture":"#0"},"down":{"uv":[14.3675,8.1325,14.0075,8.3675],"tintindex":0,"rotation":0,"texture":"#0"}}},{"from":[-6.25,8.0,7.25],"to":[-4.25,10.0,8.75],"faces":{"east":{"uv":[11.7575,14.6325,11.9375,14.8675],"tintindex":0,"rotation":0,"texture":"#0"},"south":{"uv":[9.3825,14.5075,9.6175,14.7425],"tintindex":0,"rotation":0,"texture":"#0"},"north":{"uv":[14.5075,6.8825,14.7425,7.1175],"tintindex":0,"rotation":0,"texture":"#0"},"west":{"uv":[14.6325,11.7575,14.8125,11.9925],"tintindex":0,"rotation":0,"texture":"#0"},"up":{"uv":[12.2425,14.8125,12.0075,14.6325],"tintindex":0,"rotation":0,"texture":"#0"},"down":{"uv":[12.8675,14.6325,12.6325,14.8125],"tintindex":0,"rotation":0,"texture":"#0"}}},{"from":[6.75,6.75,6.75],"to":[9.25,9.25,9.25],"faces":{"east":{"uv":[13.7575,10.1325,14.0625,10.4375],"tintindex":0,"rotation":0,"texture":"#0"},"south":{"uv":[10.2575,13.7575,10.5625,14.0625],"tintindex":0,"rotation":0,"texture":"#0"},"north":{"uv":[9.8825,13.7575,10.1875,14.0625],"tintindex":0,"rotation":0,"texture":"#0"},"west":{"uv":[13.7575,12.0075,14.0625,12.3125],"tintindex":0,"rotation":0,"texture":"#0"},"up":{"uv":[14.0625,12.6875,13.7575,12.3825],"tintindex":0,"rotation":0,"texture":"#0"},"down":{"uv":[13.0625,13.7575,12.7575,14.0625],"tintindex":0,"rotation":0,"texture":"#0"}}},{"from":[-8.25,8.5,7.5],"to":[-6.25,10.0,8.5],"faces":{"east":{"uv":[15.0075,9.3825,15.1175,9.5625],"tintindex":0,"rotation":0,"texture":"#0"},"south":{"uv":[14.6325,13.1325,14.8675,13.3125],"tintindex":0,"rotation":0,"texture":"#0"},"north":{"uv":[12.8825,14.6325,13.1175,14.8125],"tintindex":0,"rotation":0,"texture":"#0"},"west":{"uv":[9.5075,15.0075,9.6175,15.1875],"tintindex":0,"rotation":0,"texture":"#0"},"up":{"uv":[1.7425,13.8675,1.5075,13.7575],"tintindex":0,"rotation":0,"texture":"#0"},"down":{"uv":[14.4925,1.5075,14.2575,1.6175],"tintindex":0,"rotation":0,"texture":"#0"}},"rotation":{"origin":[-6.25,10.0,8.0],"angle":22.5,"axis":"z"}},{"from":[-2.25,5.75,6.75],"to":[3.75,9.25,9.25],"faces":{"east":{"uv":[0.0075,13.3825,0.3125,13.8125],"tintindex":0,"rotation":0,"texture":"#0"},"south":{"uv":[11.0075,0.0075,11.7425,0.4375],"tintindex":0,"rotation":0,"texture":"#0"},"north":{"uv":[10.8825,1.5075,11.6175,1.9375],"tintindex":0,"rotation":0,"texture":"#0"},"west":{"uv":[0.3825,13.3825,0.6875,13.8125],"tintindex":0,"rotation":0,"texture":"#0"},"up":{"uv":[12.9925,1.8125,12.2575,1.5075],"tintindex":0,"rotation":0,"texture":"#0"},"down":{"uv":[12.9925,2.5075,12.2575,2.8125],"tintindex":0,"rotation":0,"texture":"#0"}}},{"from":[-10.25,9.0,7.75],"to":[-8.25,10.0,8.25],"faces":{"east":{"uv":[15.1325,3.6325,15.1875,3.7425],"tintindex":0,"rotation":0,"texture":"#0"},"south":{"uv":[14.5075,10.7575,14.7425,10.8675],"tintindex":0,"rotation":0,"texture":"#0"},"north":{"uv":[14.2575,6.6325,14.4925,6.7425],"tintindex":0,"rotation":0,"texture":"#0"},"west":{"uv":[3.7575,15.1325,3.8125,15.2425],"tintindex":0,"rotation":0,"texture":"#0"},"up":{"uv":[15.2425,13.0625,15.0075,13.0075],"tintindex":0,"rotation":0,"texture":"#0"},"down":{"uv":[13.6175,15.0075,13.3825,15.0625],"tintindex":0,"rotation":0,"texture":"#0"}},"rotation":{"origin":[-6.25,10.0,8.0],"angle":22.5,"axis":"z"}},{"from":[-5.25,7.0,7.0],"to":[-2.25,9.0,9.0],"faces":{"east":{"uv":[6.5075,14.5075,6.7425,14.7425],"tintindex":0,"rotation":0,"texture":"#0"},"south":{"uv":[14.0075,8.6325,14.3675,8.8675],"tintindex":0,"rotation":0,"texture":"#0"},"north":{"uv":[14.0075,8.3825,14.3675,8.6175],"tintindex":0,"rotation":0,"texture":"#0"},"west":{"uv":[14.5075,6.6325,14.7425,6.8675],"tintindex":0,"rotation":0,"texture":"#0"},"up":{"uv":[14.3675,9.1175,14.0075,8.8825],"tintindex":0,"rotation":0,"texture":"#0"},"down":{"uv":[14.3675,9.1325,14.0075,9.3675],"tintindex":0,"rotation":0,"texture":"#0"}},"rotation":{"origin":[-2.25,7.0,8.0],"angle":-22.5,"axis":"z"}},{"from":[-4.25,6.0,7.5],"to":[-2.25,7.5,8.5],"faces":{"east":{"uv":[6.6325,15.0075,6.7425,15.1875],"tintindex":0,"rotation":0,"texture":"#0"},"south":{"uv":[14.6325,11.5075,14.8675,11.6875],"tintindex":0,"rotation":0,"texture":"#0"},"north":{"uv":[10.7575,14.6325,10.9925,14.8125],"tintindex":0,"rotation":0,"texture":"#0"},"west":{"uv":[9.3825,15.0075,9.4925,15.1875],"tintindex":0,"rotation":0,"texture":"#0"},"up":{"uv":[13.7425,5.8675,13.5075,5.7575],"tintindex":0,"rotation":0,"texture":"#0"},"down":{"uv":[8.1175,13.6325,7.8825,13.7425],"tintindex":0,"rotation":0,"texture":"#0"}}}],"display":{"head":{"rotation":[0.0,0.0,0.0]},"firstperson_righthand":{"rotation":[0.0,0.0,0.0]},"thirdperson_lefthand":{"rotation":[0.0,-0.0,-0.0]},"firstperson_lefthand":{"rotation":[0.0,-0.0,-0.0]},"fixed":{"rotation":[0.0,0.0,0.0]},"ground":{"rotation":[0.0,0.0,0.0]},"thirdperson_righthand":{"rotation":[0.0,0.0,0.0]},"gui":{"rotation":[-150.0,-45.0,180.0]}}}