{"textures":{"0":"modelengine:entity/illidan","particle":"#0"},"elements":[{"from":[7.2535725,-4.692396,7.5],"to":[8.753572,0.30760384,8.5],"faces":{"east":{"uv":[12.1325,15.0075,12.1875,15.3125],"tintindex":0,"rotation":0,"texture":"#0"},"south":{"uv":[14.7575,3.0075,14.8675,3.3125],"tintindex":0,"rotation":0,"texture":"#0"},"north":{"uv":[14.7575,2.6325,14.8675,2.9375],"tintindex":0,"rotation":0,"texture":"#0"},"west":{"uv":[12.2575,15.0075,12.3125,15.3125],"tintindex":0,"rotation":0,"texture":"#0"},"up":{"uv":[15.2425,2.5625,15.1325,2.5075],"tintindex":0,"rotation":0,"texture":"#0"},"down":{"uv":[2.7425,15.1325,2.6325,15.1875],"tintindex":0,"rotation":0,"texture":"#0"}},"rotation":{"origin":[8.0,-0.5,8.0],"angle":45.0,"axis":"z"}},{"from":[6.5,-2.0,7.0],"to":[9.0,3.0,9.0],"faces":{"east":{"uv":[3.1325,14.7575,3.2425,15.0625],"tintindex":0,"rotation":0,"texture":"#0"},"south":{"uv":[1.0075,14.6325,1.1875,14.9375],"tintindex":0,"rotation":0,"texture":"#0"},"north":{"uv":[0.7575,14.6325,0.9375,14.9375],"tintindex":0,"rotation":0,"texture":"#0"},"west":{"uv":[3.2575,14.7575,3.3675,15.0625],"tintindex":0,"rotation":0,"texture":"#0"},"up":{"uv":[6.5625,15.1175,6.3825,15.0075],"tintindex":0,"rotation":0,"texture":"#0"},"down":{"uv":[15.1875,6.3825,15.0075,6.4925],"tintindex":0,"rotation":0,"texture":"#0"}},"rotation":{"origin":[6.5,3.0,8.0],"angle":22.5,"axis":"z"}},{"from":[6.2999997,2.7999997,6.8],"to":[9.700001,9.199999,9.200001],"faces":{"east":{"uv":[8.8825,14.6325,8.9925,14.9925],"tintindex":0,"rotation":0,"texture":"#0"},"south":{"uv":[14.2575,4.3825,14.4375,4.7425],"tintindex":0,"rotation":0,"texture":"#0"},"north":{"uv":[14.2575,2.6325,14.4375,2.9925],"tintindex":0,"rotation":0,"texture":"#0"},"west":{"uv":[9.0075,14.6325,9.1175,14.9925],"tintindex":0,"rotation":0,"texture":"#0"},"up":{"uv":[15.1875,6.6175,15.0075,6.5075],"tintindex":0,"rotation":0,"texture":"#0"},"down":{"uv":[15.1875,6.6325,15.0075,6.7425],"tintindex":0,"rotation":0,"texture":"#0"}}}],"display":{"head":{"rotation":[0.0,0.0,0.0]},"firstperson_righthand":{"rotation":[0.0,0.0,0.0]},"thirdperson_lefthand":{"rotation":[0.0,-0.0,-0.0]},"firstperson_lefthand":{"rotation":[0.0,-0.0,-0.0]},"fixed":{"rotation":[0.0,0.0,0.0]},"ground":{"rotation":[0.0,0.0,0.0]},"thirdperson_righthand":{"rotation":[0.0,0.0,0.0]},"gui":{"rotation":[-150.0,-45.0,180.0]}}}