{"textures":{"0":"modelengine:entity/illidan","particle":"#0"},"elements":[{"from":[-0.40000075,2.600003,2.1000001],"to":[9.4,11.399997,13.9],"faces":{"east":{"uv":[10.5075,1.0075,11.1875,1.4925],"tintindex":0,"rotation":0,"texture":"#0"},"south":{"uv":[5.8825,11.5075,6.4375,11.9925],"tintindex":0,"rotation":0,"texture":"#0"},"north":{"uv":[11.5075,5.6325,12.0625,6.1175],"tintindex":0,"rotation":0,"texture":"#0"},"west":{"uv":[6.5075,10.6325,7.1875,11.1175],"tintindex":0,"rotation":0,"texture":"#0"},"up":{"uv":[10.3125,10.6875,9.7575,10.0075],"tintindex":0,"rotation":0,"texture":"#0"},"down":{"uv":[10.6875,6.0075,10.1325,6.6875],"tintindex":0,"rotation":0,"texture":"#0"}}},{"from":[1.5999992,11.399999,4.1000004],"to":[9.4,13.2,11.9],"faces":{"east":{"uv":[11.7575,14.8825,12.1875,14.9375],"tintindex":0,"rotation":0,"texture":"#0"},"south":{"uv":[14.8825,11.7575,15.3125,11.8125],"tintindex":0,"rotation":0,"texture":"#0"},"north":{"uv":[14.8825,11.6325,15.3125,11.6875],"tintindex":0,"rotation":0,"texture":"#0"},"west":{"uv":[14.8825,11.8825,15.3125,11.9375],"tintindex":0,"rotation":0,"texture":"#0"},"up":{"uv":[13.1875,12.3125,12.7575,11.8825],"tintindex":0,"rotation":0,"texture":"#0"},"down":{"uv":[13.1875,12.3825,12.7575,12.8125],"tintindex":0,"rotation":0,"texture":"#0"}}},{"from":[-0.90000075,-10.399997,2.1000001],"to":[8.9,0.39999694,10.9],"faces":{"east":{"uv":[6.7575,11.1325,7.2425,11.7425],"tintindex":0,"rotation":0,"texture":"#0"},"south":{"uv":[1.2575,10.3825,1.8125,10.9925],"tintindex":0,"rotation":0,"texture":"#0"},"north":{"uv":[0.6325,10.3825,1.1875,10.9925],"tintindex":0,"rotation":0,"texture":"#0"},"west":{"uv":[7.2575,11.1325,7.7425,11.7425],"tintindex":0,"rotation":0,"texture":"#0"},"up":{"uv":[12.1875,1.9925,11.6325,1.5075],"tintindex":0,"rotation":0,"texture":"#0"},"down":{"uv":[12.1875,2.5075,11.6325,2.9925],"tintindex":0,"rotation":0,"texture":"#0"}}},{"from":[0.0,-14.0,4.0],"to":[8.0,-3.0,12.0],"faces":{"east":{"uv":[10.5075,3.2575,10.9925,3.9375],"tintindex":0,"rotation":0,"texture":"#0"},"south":{"uv":[10.5075,9.1325,10.9925,9.8125],"tintindex":0,"rotation":0,"texture":"#0"},"north":{"uv":[10.5075,2.5075,10.9925,3.1875],"tintindex":0,"rotation":0,"texture":"#0"},"west":{"uv":[0.0075,10.6325,0.4925,11.3125],"tintindex":0,"rotation":0,"texture":"#0"},"up":{"uv":[12.4925,0.9925,12.0075,0.5075],"tintindex":0,"rotation":0,"texture":"#0"},"down":{"uv":[2.7425,12.0075,2.2575,12.4925],"tintindex":0,"rotation":0,"texture":"#0"}}},{"from":[0.099999234,-3.399997,3.6000001],"to":[8.4,6.3999968,12.4],"faces":{"east":{"uv":[11.5075,4.3825,11.9925,4.9375],"tintindex":0,"rotation":0,"texture":"#0"},"south":{"uv":[11.5075,5.0075,11.9925,5.5625],"tintindex":0,"rotation":0,"texture":"#0"},"north":{"uv":[11.3825,7.2575,11.8675,7.8125],"tintindex":0,"rotation":0,"texture":"#0"},"west":{"uv":[5.3825,11.5075,5.8675,12.0625],"tintindex":0,"rotation":0,"texture":"#0"},"up":{"uv":[12.3675,7.6175,11.8825,7.1325],"tintindex":0,"rotation":0,"texture":"#0"},"down":{"uv":[12.2425,11.8825,11.7575,12.3675],"tintindex":0,"rotation":0,"texture":"#0"}}},{"from":[-1.0,1.5,4.5],"to":[0.0,10.0,11.5],"faces":{"east":{"uv":[5.8825,12.0075,6.3125,12.5625],"tintindex":0,"rotation":0,"texture":"#0"},"south":{"uv":[8.5075,14.7575,8.5625,15.3125],"tintindex":0,"rotation":0,"texture":"#0"},"north":{"uv":[6.0075,14.7575,6.0625,15.3125],"tintindex":0,"rotation":0,"texture":"#0"},"west":{"uv":[0.0075,12.1325,0.4375,12.6875],"tintindex":0,"rotation":0,"texture":"#0"},"up":{"uv":[12.6875,15.3125,12.6325,14.8825],"tintindex":0,"rotation":0,"texture":"#0"},"down":{"uv":[12.8125,14.8825,12.7575,15.3125],"tintindex":0,"rotation":0,"texture":"#0"}}}],"display":{"head":{"rotation":[0.0,0.0,0.0]},"firstperson_righthand":{"rotation":[0.0,0.0,0.0]},"thirdperson_lefthand":{"rotation":[0.0,-0.0,-0.0]},"firstperson_lefthand":{"rotation":[0.0,-0.0,-0.0]},"fixed":{"rotation":[0.0,0.0,0.0]},"ground":{"rotation":[0.0,0.0,0.0]},"thirdperson_righthand":{"rotation":[0.0,0.0,0.0]},"gui":{"rotation":[-150.0,-45.0,180.0]}}}