{"textures":{"0":"modelengine:entity/illidan","particle":"#0"},"elements":[{"from":[3.6000004,5.5999985,3.0],"to":[3.6000004,8.599998,13.0],"faces":{"east":{"uv":[14.2425,1.8825,13.6325,2.0625],"tintindex":0,"rotation":0,"texture":"#0"},"west":{"uv":[14.2425,1.3825,13.6325,1.5625],"tintindex":0,"rotation":0,"texture":"#0"}},"rotation":{"origin":[3.6000004,5.5999985,8.0],"angle":45.0,"axis":"z"}},{"from":[5.0,-9.0,4.0],"to":[13.0,-4.0,12.0],"faces":{"east":{"uv":[13.6175,4.5075,13.1325,4.8125],"tintindex":0,"rotation":0,"texture":"#0"},"south":{"uv":[4.9925,13.1325,4.5075,13.4375],"tintindex":0,"rotation":0,"texture":"#0"},"north":{"uv":[13.6175,3.3825,13.1325,3.6875],"tintindex":0,"rotation":0,"texture":"#0"},"west":{"uv":[4.4925,13.1325,4.0075,13.4375],"tintindex":0,"rotation":0,"texture":"#0"},"up":{"uv":[2.7575,12.4925,3.2425,12.0075],"tintindex":0,"rotation":0,"texture":"#0"},"down":{"uv":[12.0075,4.1325,12.4925,4.6175],"tintindex":0,"rotation":0,"texture":"#0"}}},{"from":[12.299999,5.5999985,3.0],"to":[12.299999,8.599998,13.0],"faces":{"east":{"uv":[6.1175,9.7575,5.5075,9.9375],"tintindex":0,"rotation":0,"texture":"#0"},"west":{"uv":[10.2425,2.2575,9.6325,2.4375],"tintindex":0,"rotation":0,"texture":"#0"}},"rotation":{"origin":[12.299999,5.5999985,8.0],"angle":-45.0,"axis":"z"}},{"from":[3.0,1.0,3.0],"to":[13.0,6.0,13.0],"faces":{"east":{"uv":[5.7425,12.7575,5.1325,13.0625],"tintindex":0,"rotation":0,"texture":"#0"},"south":{"uv":[4.6175,12.7575,4.0075,13.0625],"tintindex":0,"rotation":0,"texture":"#0"},"north":{"uv":[13.2425,11.5075,12.6325,11.8125],"tintindex":0,"rotation":0,"texture":"#0"},"west":{"uv":[1.3675,12.7575,0.7575,13.0625],"tintindex":0,"rotation":0,"texture":"#0"},"up":{"uv":[0.0075,10.6175,0.6175,10.0075],"tintindex":0,"rotation":0,"texture":"#0"},"down":{"uv":[6.6325,10.0075,7.2425,10.6175],"tintindex":0,"rotation":0,"texture":"#0"}}},{"from":[4.0,-4.0,3.5],"to":[13.0,1.0,12.5],"faces":{"east":{"uv":[12.9375,12.8825,12.3825,13.1875],"tintindex":0,"rotation":0,"texture":"#0"},"south":{"uv":[12.3125,12.8825,11.7575,13.1875],"tintindex":0,"rotation":0,"texture":"#0"},"north":{"uv":[13.4375,5.5075,12.8825,5.8125],"tintindex":0,"rotation":0,"texture":"#0"},"west":{"uv":[13.4375,6.7575,12.8825,7.0625],"tintindex":0,"rotation":0,"texture":"#0"},"up":{"uv":[11.0075,3.0625,11.5625,2.5075],"tintindex":0,"rotation":0,"texture":"#0"},"down":{"uv":[11.0075,3.1325,11.5625,3.6875],"tintindex":0,"rotation":0,"texture":"#0"}}},{"from":[4.6000004,5.5999994,5.1000004],"to":[11.400001,11.399997,12.9],"faces":{"east":{"uv":[12.9375,13.2575,12.5075,13.5625],"tintindex":0,"rotation":0,"texture":"#0"},"south":{"uv":[13.9925,3.0075,13.6325,3.3125],"tintindex":0,"rotation":0,"texture":"#0"},"north":{"uv":[13.9925,2.6325,13.6325,2.9375],"tintindex":0,"rotation":0,"texture":"#0"},"west":{"uv":[13.6875,12.3825,13.2575,12.6875],"tintindex":0,"rotation":0,"texture":"#0"},"up":{"uv":[2.5075,13.4375,2.8675,13.0075],"tintindex":0,"rotation":0,"texture":"#0"},"down":{"uv":[2.8825,13.0075,3.2425,13.4375],"tintindex":0,"rotation":0,"texture":"#0"}}},{"from":[3.0,5.5999985,3.5],"to":[13.0,8.599998,3.5],"faces":{"south":{"uv":[14.2425,1.1325,13.6325,1.3125],"tintindex":0,"rotation":0,"texture":"#0"},"north":{"uv":[13.9925,1.6325,13.3825,1.8125],"tintindex":0,"rotation":0,"texture":"#0"}},"rotation":{"origin":[8.0,5.5999985,3.5],"angle":-45.0,"axis":"x"}},{"from":[3.0,5.5999985,12.5],"to":[13.0,8.599998,12.5],"faces":{"south":{"uv":[14.2425,2.3825,13.6325,2.5625],"tintindex":0,"rotation":0,"texture":"#0"},"north":{"uv":[14.2425,2.1325,13.6325,2.3125],"tintindex":0,"rotation":0,"texture":"#0"}},"rotation":{"origin":[8.0,5.5999985,12.5],"angle":45.0,"axis":"x"}},{"from":[3.6000001,5.5999994,3.6000001],"to":[12.400001,9.400001,12.4],"faces":{"east":{"uv":[14.4925,3.2575,14.0075,3.4375],"tintindex":0,"rotation":0,"texture":"#0"},"south":{"uv":[14.4925,3.0075,14.0075,3.1875],"tintindex":0,"rotation":0,"texture":"#0"},"north":{"uv":[14.3675,7.2575,13.8825,7.4375],"tintindex":0,"rotation":0,"texture":"#0"},"west":{"uv":[14.4925,1.6325,14.0075,1.8125],"tintindex":0,"rotation":0,"texture":"#0"},"up":{"uv":[11.8825,1.4925,12.3675,1.0075],"tintindex":0,"rotation":0,"texture":"#0"},"down":{"uv":[11.8825,2.0075,12.3675,2.4925],"tintindex":0,"rotation":0,"texture":"#0"}}}],"display":{"head":{"rotation":[0.0,0.0,0.0]},"firstperson_righthand":{"rotation":[0.0,0.0,0.0]},"thirdperson_lefthand":{"rotation":[0.0,-0.0,-0.0]},"firstperson_lefthand":{"rotation":[0.0,-0.0,-0.0]},"fixed":{"rotation":[0.0,0.0,0.0]},"ground":{"rotation":[0.0,0.0,0.0]},"thirdperson_righthand":{"rotation":[0.0,0.0,0.0]},"gui":{"rotation":[-150.0,-45.0,180.0]}}}