{"textures":{"0":"modelengine:entity/illidan","particle":"#0"},"elements":[{"from":[7.25,-10.0,7.25],"to":[8.75,-9.0,8.75],"faces":{"east":{"uv":[15.1875,8.8825,15.0075,8.9925],"tintindex":0,"rotation":0,"texture":"#0"},"south":{"uv":[9.0625,15.0075,8.8825,15.1175],"tintindex":0,"rotation":0,"texture":"#0"},"north":{"uv":[15.1875,8.6325,15.0075,8.7425],"tintindex":0,"rotation":0,"texture":"#0"},"west":{"uv":[15.1875,8.7575,15.0075,8.8675],"tintindex":0,"rotation":0,"texture":"#0"},"up":{"uv":[14.8825,6.1875,15.0625,6.0075],"tintindex":0,"rotation":0,"texture":"#0"},"down":{"uv":[6.1325,14.8825,6.3125,15.0625],"tintindex":0,"rotation":0,"texture":"#0"}}},{"from":[7.0,7.0,7.0],"to":[9.0,9.0,9.0],"faces":{"east":{"uv":[12.2425,14.3825,12.0075,14.6175],"tintindex":0,"rotation":0,"texture":"#0"},"south":{"uv":[14.6175,11.7575,14.3825,11.9925],"tintindex":0,"rotation":0,"texture":"#0"},"north":{"uv":[14.6175,11.5075,14.3825,11.7425],"tintindex":0,"rotation":0,"texture":"#0"},"west":{"uv":[11.9925,14.3825,11.7575,14.6175],"tintindex":0,"rotation":0,"texture":"#0"},"up":{"uv":[12.6325,14.6175,12.8675,14.3825],"tintindex":0,"rotation":0,"texture":"#0"},"down":{"uv":[12.8825,14.3825,13.1175,14.6175],"tintindex":0,"rotation":0,"texture":"#0"}}},{"from":[7.25,-7.0,7.25],"to":[8.75,7.0,8.75],"faces":{"east":{"uv":[8.3125,10.8825,8.1325,12.6175],"tintindex":0,"rotation":0,"texture":"#0"},"south":{"uv":[11.0625,6.5075,10.8825,8.2425],"tintindex":0,"rotation":0,"texture":"#0"},"north":{"uv":[5.0625,10.8825,4.8825,12.6175],"tintindex":0,"rotation":0,"texture":"#0"},"west":{"uv":[5.3125,10.8825,5.1325,12.6175],"tintindex":0,"rotation":0,"texture":"#0"},"up":{"uv":[5.6325,15.0625,5.8125,14.8825],"tintindex":0,"rotation":0,"texture":"#0"},"down":{"uv":[14.8825,5.7575,15.0625,5.9375],"tintindex":0,"rotation":0,"texture":"#0"}}},{"from":[8.75,-9.0,8.25],"to":[12.25,7.0,8.25],"faces":{"south":{"uv":[6.875,6.5,7.305,8.485],"tintindex":0,"rotation":0,"texture":"#0"},"north":{"uv":[7.3125,6.5075,6.8825,8.4925],"tintindex":0,"rotation":0,"texture":"#0"}}},{"from":[7.5,-11.5,7.75],"to":[8.0,-10.5,8.25],"faces":{"east":{"uv":[3.3125,15.1325,3.2575,15.2425],"tintindex":0,"rotation":0,"texture":"#0"},"south":{"uv":[15.1875,3.1325,15.1325,3.2425],"tintindex":0,"rotation":0,"texture":"#0"},"north":{"uv":[15.1875,3.0075,15.1325,3.1175],"tintindex":0,"rotation":0,"texture":"#0"},"west":{"uv":[3.1875,15.1325,3.1325,15.2425],"tintindex":0,"rotation":0,"texture":"#0"},"up":{"uv":[15.1325,4.3125,15.1875,4.2575],"tintindex":0,"rotation":0,"texture":"#0"},"down":{"uv":[4.3825,15.1325,4.4375,15.1875],"tintindex":0,"rotation":0,"texture":"#0"}},"rotation":{"origin":[7.75,-10.5,8.0],"angle":-45.0,"axis":"z"}},{"from":[7.5,-10.75,7.5],"to":[8.5,-9.75,8.5],"faces":{"east":{"uv":[7.8675,14.0075,7.7575,14.1175],"tintindex":0,"rotation":0,"texture":"#0"},"south":{"uv":[5.7425,14.0075,5.6325,14.1175],"tintindex":0,"rotation":0,"texture":"#0"},"north":{"uv":[5.4925,13.8825,5.3825,13.9925],"tintindex":0,"rotation":0,"texture":"#0"},"west":{"uv":[7.1175,13.8825,7.0075,13.9925],"tintindex":0,"rotation":0,"texture":"#0"},"up":{"uv":[10.5075,14.2425,10.6175,14.1325],"tintindex":0,"rotation":0,"texture":"#0"},"down":{"uv":[10.7575,14.2575,10.8675,14.3675],"tintindex":0,"rotation":0,"texture":"#0"}},"rotation":{"origin":[8.0,-9.75,8.0],"angle":-22.5,"axis":"z"}},{"from":[1.75,-8.0,8.5],"to":[7.25,8.0,8.5],"faces":{"south":{"uv":[0.0,5.75,0.68,7.735],"tintindex":0,"rotation":0,"texture":"#0"},"north":{"uv":[0.68,5.75,0.0,7.735],"tintindex":0,"rotation":0,"texture":"#0"}}},{"from":[7.0,-9.0,7.0],"to":[9.0,-7.0,9.0],"faces":{"east":{"uv":[14.2425,14.3825,14.0075,14.6175],"tintindex":0,"rotation":0,"texture":"#0"},"south":{"uv":[13.9925,14.3825,13.7575,14.6175],"tintindex":0,"rotation":0,"texture":"#0"},"north":{"uv":[14.6175,13.1325,14.3825,13.3675],"tintindex":0,"rotation":0,"texture":"#0"},"west":{"uv":[13.6175,14.3825,13.3825,14.6175],"tintindex":0,"rotation":0,"texture":"#0"},"up":{"uv":[14.5075,0.2425,14.7425,0.0075],"tintindex":0,"rotation":0,"texture":"#0"},"down":{"uv":[14.5075,0.2575,14.7425,0.4925],"tintindex":0,"rotation":0,"texture":"#0"}}}],"display":{"head":{"rotation":[0.0,0.0,0.0]},"firstperson_righthand":{"rotation":[0.0,0.0,0.0]},"thirdperson_lefthand":{"rotation":[0.0,-0.0,-0.0]},"firstperson_lefthand":{"rotation":[0.0,-0.0,-0.0]},"fixed":{"rotation":[0.0,0.0,0.0]},"ground":{"rotation":[0.0,0.0,0.0]},"thirdperson_righthand":{"rotation":[0.0,0.0,0.0]},"gui":{"rotation":[-150.0,-45.0,180.0]}}}