{"textures":{"0":"modelengine:entity/illidan","particle":"#0"},"elements":[{"from":[7.0,-9.0,7.0],"to":[9.0,-7.0,9.0],"faces":{"east":{"uv":[14.6175,8.1325,14.3825,8.3675],"tintindex":0,"rotation":0,"texture":"#0"},"south":{"uv":[8.2425,14.3825,8.0075,14.6175],"tintindex":0,"rotation":0,"texture":"#0"},"north":{"uv":[7.9925,14.3825,7.7575,14.6175],"tintindex":0,"rotation":0,"texture":"#0"},"west":{"uv":[14.6175,7.8825,14.3825,8.1175],"tintindex":0,"rotation":0,"texture":"#0"},"up":{"uv":[8.2575,14.6175,8.4925,14.3825],"tintindex":0,"rotation":0,"texture":"#0"},"down":{"uv":[14.3825,8.3825,14.6175,8.6175],"tintindex":0,"rotation":0,"texture":"#0"}}},{"from":[1.75,-8.0,8.5],"to":[7.25,8.0,8.5],"faces":{"south":{"uv":[0.0,5.75,0.68,7.735],"tintindex":0,"rotation":0,"texture":"#0"},"north":{"uv":[0.6875,5.7575,0.0075,7.7425],"tintindex":0,"rotation":0,"texture":"#0"}}},{"from":[7.25,-7.0,7.25],"to":[8.75,7.0,8.75],"faces":{"east":{"uv":[10.1875,10.7575,10.0075,12.4925],"tintindex":0,"rotation":0,"texture":"#0"},"south":{"uv":[9.9375,10.7575,9.7575,12.4925],"tintindex":0,"rotation":0,"texture":"#0"},"north":{"uv":[4.1875,10.7575,4.0075,12.4925],"tintindex":0,"rotation":0,"texture":"#0"},"west":{"uv":[9.6875,10.7575,9.5075,12.4925],"tintindex":0,"rotation":0,"texture":"#0"},"up":{"uv":[14.8825,4.9375,15.0625,4.7575],"tintindex":0,"rotation":0,"texture":"#0"},"down":{"uv":[14.8825,5.0075,15.0625,5.1875],"tintindex":0,"rotation":0,"texture":"#0"}}},{"from":[7.5,-10.75,7.5],"to":[8.5,-9.75,8.5],"faces":{"east":{"uv":[6.2425,13.3825,6.1325,13.4925],"tintindex":0,"rotation":0,"texture":"#0"},"south":{"uv":[13.4925,5.3825,13.3825,5.4925],"tintindex":0,"rotation":0,"texture":"#0"},"north":{"uv":[13.3675,12.7575,13.2575,12.8675],"tintindex":0,"rotation":0,"texture":"#0"},"west":{"uv":[13.4925,3.7575,13.3825,3.8675],"tintindex":0,"rotation":0,"texture":"#0"},"up":{"uv":[13.5075,3.3675,13.6175,3.2575],"tintindex":0,"rotation":0,"texture":"#0"},"down":{"uv":[13.8825,4.3825,13.9925,4.4925],"tintindex":0,"rotation":0,"texture":"#0"}},"rotation":{"origin":[8.0,-9.75,8.0],"angle":-22.5,"axis":"z"}},{"from":[7.25,-10.0,7.25],"to":[8.75,-9.0,8.75],"faces":{"east":{"uv":[15.1875,8.3825,15.0075,8.4925],"tintindex":0,"rotation":0,"texture":"#0"},"south":{"uv":[15.1875,8.2575,15.0075,8.3675],"tintindex":0,"rotation":0,"texture":"#0"},"north":{"uv":[15.1875,8.0075,15.0075,8.1175],"tintindex":0,"rotation":0,"texture":"#0"},"west":{"uv":[15.1875,8.1325,15.0075,8.2425],"tintindex":0,"rotation":0,"texture":"#0"},"up":{"uv":[5.1325,15.0625,5.3125,14.8825],"tintindex":0,"rotation":0,"texture":"#0"},"down":{"uv":[14.8825,5.2575,15.0625,5.4375],"tintindex":0,"rotation":0,"texture":"#0"}}},{"from":[7.5,-11.5,7.75],"to":[8.0,-10.5,8.25],"faces":{"east":{"uv":[3.0625,15.1325,3.0075,15.2425],"tintindex":0,"rotation":0,"texture":"#0"},"south":{"uv":[15.1875,2.8825,15.1325,2.9925],"tintindex":0,"rotation":0,"texture":"#0"},"north":{"uv":[15.1875,2.7575,15.1325,2.8675],"tintindex":0,"rotation":0,"texture":"#0"},"west":{"uv":[2.9375,15.1325,2.8825,15.2425],"tintindex":0,"rotation":0,"texture":"#0"},"up":{"uv":[15.1325,4.0625,15.1875,4.0075],"tintindex":0,"rotation":0,"texture":"#0"},"down":{"uv":[15.1325,4.1325,15.1875,4.1875],"tintindex":0,"rotation":0,"texture":"#0"}},"rotation":{"origin":[7.75,-10.5,8.0],"angle":-45.0,"axis":"z"}},{"from":[7.0,7.0,7.0],"to":[9.0,9.0,9.0],"faces":{"east":{"uv":[5.8675,14.3825,5.6325,14.6175],"tintindex":0,"rotation":0,"texture":"#0"},"south":{"uv":[14.6175,5.3825,14.3825,5.6175],"tintindex":0,"rotation":0,"texture":"#0"},"north":{"uv":[14.6175,5.1325,14.3825,5.3675],"tintindex":0,"rotation":0,"texture":"#0"},"west":{"uv":[5.6175,14.3825,5.3825,14.6175],"tintindex":0,"rotation":0,"texture":"#0"},"up":{"uv":[14.3825,7.4925,14.6175,7.2575],"tintindex":0,"rotation":0,"texture":"#0"},"down":{"uv":[14.3825,7.6325,14.6175,7.8675],"tintindex":0,"rotation":0,"texture":"#0"}}}],"display":{"head":{"rotation":[0.0,0.0,0.0]},"firstperson_righthand":{"rotation":[0.0,0.0,0.0]},"thirdperson_lefthand":{"rotation":[0.0,-0.0,-0.0]},"firstperson_lefthand":{"rotation":[0.0,-0.0,-0.0]},"fixed":{"rotation":[0.0,0.0,0.0]},"ground":{"rotation":[0.0,0.0,0.0]},"thirdperson_righthand":{"rotation":[0.0,0.0,0.0]},"gui":{"rotation":[-150.0,-45.0,180.0]}}}