{"textures":{"0":"modelengine:entity/illidan","particle":"#0"},"elements":[{"from":[7.0,7.0,7.0],"to":[9.0,9.0,9.0],"faces":{"east":{"uv":[14.7425,1.2575,14.5075,1.4925],"tintindex":0,"rotation":0,"texture":"#0"},"south":{"uv":[14.7425,1.0075,14.5075,1.2425],"tintindex":0,"rotation":0,"texture":"#0"},"north":{"uv":[14.7425,0.5075,14.5075,0.7425],"tintindex":0,"rotation":0,"texture":"#0"},"west":{"uv":[14.7425,0.7575,14.5075,0.9925],"tintindex":0,"rotation":0,"texture":"#0"},"up":{"uv":[14.5075,1.7425,14.7425,1.5075],"tintindex":0,"rotation":0,"texture":"#0"},"down":{"uv":[1.7575,14.5075,1.9925,14.7425],"tintindex":0,"rotation":0,"texture":"#0"}}},{"from":[7.25,-7.0,7.25],"to":[8.75,7.0,8.75],"faces":{"east":{"uv":[0.6875,11.0075,0.5075,12.7425],"tintindex":0,"rotation":0,"texture":"#0"},"south":{"uv":[9.0625,10.8825,8.8825,12.6175],"tintindex":0,"rotation":0,"texture":"#0"},"north":{"uv":[8.5625,10.8825,8.3825,12.6175],"tintindex":0,"rotation":0,"texture":"#0"},"west":{"uv":[8.8125,10.8825,8.6325,12.6175],"tintindex":0,"rotation":0,"texture":"#0"},"up":{"uv":[6.7575,15.0625,6.9375,14.8825],"tintindex":0,"rotation":0,"texture":"#0"},"down":{"uv":[7.0075,14.8825,7.1875,15.0625],"tintindex":0,"rotation":0,"texture":"#0"}}},{"from":[8.75,-8.0,8.25],"to":[11.25,8.0,8.25],"faces":{"south":{"uv":[7.18,6.5,6.875,8.485],"tintindex":0,"rotation":0,"texture":"#0"},"north":{"uv":[6.875,6.5,7.18,8.485],"tintindex":0,"rotation":0,"texture":"#0"}}},{"from":[2.75,-7.0,8.5],"to":[7.25,9.0,8.5],"faces":{"south":{"uv":[5.625,6.5,6.18,8.485],"tintindex":0,"rotation":0,"texture":"#0"},"north":{"uv":[6.18,6.5,5.625,8.485],"tintindex":0,"rotation":0,"texture":"#0"}}}],"display":{"head":{"rotation":[0.0,0.0,0.0]},"firstperson_righthand":{"rotation":[0.0,0.0,0.0]},"thirdperson_lefthand":{"rotation":[0.0,-0.0,-0.0]},"firstperson_lefthand":{"rotation":[0.0,-0.0,-0.0]},"fixed":{"rotation":[0.0,0.0,0.0]},"ground":{"rotation":[0.0,0.0,0.0]},"thirdperson_righthand":{"rotation":[0.0,0.0,0.0]},"gui":{"rotation":[-150.0,-45.0,180.0]}}}