{"textures":{"0":"modelengine:entity/illidan","particle":"#0"},"elements":[{"from":[7.5,-10.75,7.5],"to":[8.5,-9.75,8.5],"faces":{"east":{"uv":[14.4925,4.2575,14.3825,4.3675],"tintindex":0,"rotation":0,"texture":"#0"},"south":{"uv":[1.8675,14.3825,1.7575,14.4925],"tintindex":0,"rotation":0,"texture":"#0"},"north":{"uv":[11.8675,14.2575,11.7575,14.3675],"tintindex":0,"rotation":0,"texture":"#0"},"west":{"uv":[12.7425,14.2575,12.6325,14.3675],"tintindex":0,"rotation":0,"texture":"#0"},"up":{"uv":[9.3825,14.4925,9.4925,14.3825],"tintindex":0,"rotation":0,"texture":"#0"},"down":{"uv":[12.2575,14.3825,12.3675,14.4925],"tintindex":0,"rotation":0,"texture":"#0"}},"rotation":{"origin":[8.0,-9.75,8.0],"angle":-22.5,"axis":"z"}},{"from":[8.75,-9.5,7.75],"to":[12.25,6.5,7.75],"faces":{"south":{"uv":[7.305,6.5,6.875,8.485],"tintindex":0,"rotation":0,"texture":"#0"},"north":{"uv":[6.875,6.5,7.305,8.485],"tintindex":0,"rotation":0,"texture":"#0"}}},{"from":[7.5,-11.5,7.75],"to":[8.0,-10.5,8.25],"faces":{"east":{"uv":[3.5625,15.1325,3.5075,15.2425],"tintindex":0,"rotation":0,"texture":"#0"},"south":{"uv":[15.1875,3.3825,15.1325,3.4925],"tintindex":0,"rotation":0,"texture":"#0"},"north":{"uv":[15.1875,3.2575,15.1325,3.3675],"tintindex":0,"rotation":0,"texture":"#0"},"west":{"uv":[3.4375,15.1325,3.3825,15.2425],"tintindex":0,"rotation":0,"texture":"#0"},"up":{"uv":[15.1325,4.4375,15.1875,4.3825],"tintindex":0,"rotation":0,"texture":"#0"},"down":{"uv":[4.5075,15.1325,4.5625,15.1875],"tintindex":0,"rotation":0,"texture":"#0"}},"rotation":{"origin":[7.75,-10.5,8.0],"angle":-45.0,"axis":"z"}},{"from":[7.0,7.0,7.0],"to":[9.0,9.0,9.0],"faces":{"east":{"uv":[14.7425,2.2575,14.5075,2.4925],"tintindex":0,"rotation":0,"texture":"#0"},"south":{"uv":[14.7425,2.0075,14.5075,2.2425],"tintindex":0,"rotation":0,"texture":"#0"},"north":{"uv":[14.7425,1.7575,14.5075,1.9925],"tintindex":0,"rotation":0,"texture":"#0"},"west":{"uv":[2.2425,14.5075,2.0075,14.7425],"tintindex":0,"rotation":0,"texture":"#0"},"up":{"uv":[14.5075,2.7425,14.7425,2.5075],"tintindex":0,"rotation":0,"texture":"#0"},"down":{"uv":[14.5075,2.7575,14.7425,2.9925],"tintindex":0,"rotation":0,"texture":"#0"}}},{"from":[7.0,-9.0,7.0],"to":[9.0,-7.0,9.0],"faces":{"east":{"uv":[3.6175,14.5075,3.3825,14.7425],"tintindex":0,"rotation":0,"texture":"#0"},"south":{"uv":[14.7425,3.2575,14.5075,3.4925],"tintindex":0,"rotation":0,"texture":"#0"},"north":{"uv":[14.7425,3.0075,14.5075,3.2425],"tintindex":0,"rotation":0,"texture":"#0"},"west":{"uv":[3.3675,14.5075,3.1325,14.7425],"tintindex":0,"rotation":0,"texture":"#0"},"up":{"uv":[3.6325,14.7425,3.8675,14.5075],"tintindex":0,"rotation":0,"texture":"#0"},"down":{"uv":[14.5075,3.7575,14.7425,3.9925],"tintindex":0,"rotation":0,"texture":"#0"}}},{"from":[7.25,-10.0,7.25],"to":[8.75,-9.0,8.75],"faces":{"east":{"uv":[15.1875,9.2575,15.0075,9.3675],"tintindex":0,"rotation":0,"texture":"#0"},"south":{"uv":[15.1875,9.1325,15.0075,9.2425],"tintindex":0,"rotation":0,"texture":"#0"},"north":{"uv":[15.1875,9.0075,15.0075,9.1175],"tintindex":0,"rotation":0,"texture":"#0"},"west":{"uv":[9.3125,15.0075,9.1325,15.1175],"tintindex":0,"rotation":0,"texture":"#0"},"up":{"uv":[7.5075,15.0625,7.6875,14.8825],"tintindex":0,"rotation":0,"texture":"#0"},"down":{"uv":[14.8825,7.5075,15.0625,7.6875],"tintindex":0,"rotation":0,"texture":"#0"}}},{"from":[7.25,-7.0,7.25],"to":[8.75,7.0,8.75],"faces":{"east":{"uv":[1.6875,11.0075,1.5075,12.7425],"tintindex":0,"rotation":0,"texture":"#0"},"south":{"uv":[1.4375,11.0075,1.2575,12.7425],"tintindex":0,"rotation":0,"texture":"#0"},"north":{"uv":[0.9375,11.0075,0.7575,12.7425],"tintindex":0,"rotation":0,"texture":"#0"},"west":{"uv":[1.1875,11.0075,1.0075,12.7425],"tintindex":0,"rotation":0,"texture":"#0"},"up":{"uv":[7.2575,15.0625,7.4375,14.8825],"tintindex":0,"rotation":0,"texture":"#0"},"down":{"uv":[14.8825,7.2575,15.0625,7.4375],"tintindex":0,"rotation":0,"texture":"#0"}}},{"from":[1.75,-8.0,8.5],"to":[7.25,8.0,8.5],"faces":{"south":{"uv":[0.0,5.75,0.68,7.735],"tintindex":0,"rotation":0,"texture":"#0"},"north":{"uv":[0.68,5.75,0.0,7.735],"tintindex":0,"rotation":0,"texture":"#0"}}}],"display":{"head":{"rotation":[0.0,0.0,0.0]},"firstperson_righthand":{"rotation":[0.0,0.0,0.0]},"thirdperson_lefthand":{"rotation":[0.0,-0.0,-0.0]},"firstperson_lefthand":{"rotation":[0.0,-0.0,-0.0]},"fixed":{"rotation":[0.0,0.0,0.0]},"ground":{"rotation":[0.0,0.0,0.0]},"thirdperson_righthand":{"rotation":[0.0,0.0,0.0]},"gui":{"rotation":[-150.0,-45.0,180.0]}}}