{"textures":{"0":"modelengine:entity/illidan","particle":"#0"},"elements":[{"from":[3.0,-0.8000002,4.5],"to":[13.0,4.2,4.5],"faces":{"south":{"uv":[13.2425,9.0075,12.6325,9.3125],"tintindex":0,"rotation":0,"texture":"#0"},"north":{"uv":[13.2425,8.6325,12.6325,8.9375],"tintindex":0,"rotation":0,"texture":"#0"}},"rotation":{"origin":[8.0,4.2,4.5],"angle":45.0,"axis":"x"}},{"from":[7.3,-6.8,-1.1999998],"to":[13.3,-2.8000002,1.8000002],"faces":{"east":{"uv":[14.8125,4.0075,14.6325,4.2425],"tintindex":0,"rotation":0,"texture":"#0"},"south":{"uv":[12.1175,9.8825,11.7575,10.1175],"tintindex":0,"rotation":0,"texture":"#0"},"north":{"uv":[3.2425,10.5075,2.8825,10.7425],"tintindex":0,"rotation":0,"texture":"#0"},"west":{"uv":[14.8125,3.5075,14.6325,3.7425],"tintindex":0,"rotation":0,"texture":"#0"},"up":{"uv":[14.1325,10.5625,14.4925,10.3825],"tintindex":0,"rotation":0,"texture":"#0"},"down":{"uv":[14.1325,10.6325,14.4925,10.8125],"tintindex":0,"rotation":0,"texture":"#0"}},"rotation":{"origin":[9.8,-3.8000002,0.3000002],"angle":-45.0,"axis":"y"}},{"from":[11.0,-0.8000002,3.0],"to":[11.0,4.2,13.0],"faces":{"east":{"uv":[13.2425,8.2575,12.6325,8.5625],"tintindex":0,"rotation":0,"texture":"#0"},"west":{"uv":[8.8675,12.6325,8.2575,12.9375],"tintindex":0,"rotation":0,"texture":"#0"}},"rotation":{"origin":[11.0,4.2,8.0],"angle":45.0,"axis":"z"}},{"from":[3.6000001,3.8,3.6000001],"to":[12.4,9.6,12.4],"faces":{"east":{"uv":[13.4925,10.5075,13.0075,10.8125],"tintindex":0,"rotation":0,"texture":"#0"},"south":{"uv":[10.8675,13.0075,10.3825,13.3125],"tintindex":0,"rotation":0,"texture":"#0"},"north":{"uv":[9.8675,13.0075,9.3825,13.3125],"tintindex":0,"rotation":0,"texture":"#0"},"west":{"uv":[10.3675,13.0075,9.8825,13.3125],"tintindex":0,"rotation":0,"texture":"#0"},"up":{"uv":[11.7575,0.4925,12.2425,0.0075],"tintindex":0,"rotation":0,"texture":"#0"},"down":{"uv":[1.7575,11.7575,2.2425,12.2425],"tintindex":0,"rotation":0,"texture":"#0"}}},{"from":[7.3,-2.8000002,0.0],"to":[11.3,-0.8000002,3.0],"faces":{"east":{"uv":[15.0625,12.2575,14.8825,12.3675],"tintindex":0,"rotation":0,"texture":"#0"},"south":{"uv":[13.1175,7.1325,12.8825,7.2425],"tintindex":0,"rotation":0,"texture":"#0"},"north":{"uv":[12.9925,10.5075,12.7575,10.6175],"tintindex":0,"rotation":0,"texture":"#0"},"west":{"uv":[15.0625,12.1325,14.8825,12.2425],"tintindex":0,"rotation":0,"texture":"#0"},"up":{"uv":[14.6325,5.0625,14.8675,4.8825],"tintindex":0,"rotation":0,"texture":"#0"},"down":{"uv":[5.1325,14.6325,5.3675,14.8125],"tintindex":0,"rotation":0,"texture":"#0"}},"rotation":{"origin":[9.8,-1.8000002,1.5],"angle":-45.0,"axis":"y"}},{"from":[4.7,-6.8,-2.1999998],"to":[8.7,-2.8000002,3.8000002],"faces":{"east":{"uv":[10.4925,9.1325,10.1325,9.3675],"tintindex":0,"rotation":0,"texture":"#0"},"south":{"uv":[11.9925,4.1325,11.7575,4.3675],"tintindex":0,"rotation":0,"texture":"#0"},"north":{"uv":[11.2425,3.7575,11.0075,3.9925],"tintindex":0,"rotation":0,"texture":"#0"},"west":{"uv":[9.4925,6.0075,9.1325,6.2425],"tintindex":0,"rotation":0,"texture":"#0"},"up":{"uv":[9.1325,7.7425,9.3675,7.3825],"tintindex":0,"rotation":0,"texture":"#0"},"down":{"uv":[3.5075,9.2575,3.7425,9.6175],"tintindex":0,"rotation":0,"texture":"#0"}},"rotation":{"origin":[6.2,-3.8000002,0.3000002],"angle":-45.0,"axis":"y"}},{"from":[5.0,-0.8000002,3.0],"to":[5.0,4.2,13.0],"faces":{"east":{"uv":[8.2575,12.6325,8.8675,12.9375],"tintindex":0,"rotation":0,"texture":"#0"},"west":{"uv":[12.6325,8.2575,13.2425,8.5625],"tintindex":0,"rotation":0,"texture":"#0"}},"rotation":{"origin":[5.0,4.2,8.0],"angle":-45.0,"axis":"z"}},{"from":[3.0,-0.8000002,11.5],"to":[13.0,4.2,11.5],"faces":{"south":{"uv":[12.6325,8.6325,13.2425,8.9375],"tintindex":0,"rotation":0,"texture":"#0"},"north":{"uv":[12.6325,9.0075,13.2425,9.3125],"tintindex":0,"rotation":0,"texture":"#0"}},"rotation":{"origin":[8.0,4.2,11.5],"angle":-45.0,"axis":"x"}},{"from":[5.0,-2.4999866,4.9864016],"to":[11.0,5.5000143,10.986402],"faces":{"east":{"uv":[13.2425,2.8825,12.8825,3.3675],"tintindex":0,"rotation":0,"texture":"#0"},"south":{"uv":[13.2425,1.8825,12.8825,2.3675],"tintindex":0,"rotation":0,"texture":"#0"},"north":{"uv":[1.7425,12.7575,1.3825,13.2425],"tintindex":0,"rotation":0,"texture":"#0"},"west":{"uv":[13.2425,0.8825,12.8825,1.3675],"tintindex":0,"rotation":0,"texture":"#0"},"up":{"uv":[11.1325,5.9925,11.4925,5.6325],"tintindex":0,"rotation":0,"texture":"#0"},"down":{"uv":[11.3825,7.8825,11.7425,8.2425],"tintindex":0,"rotation":0,"texture":"#0"}},"rotation":{"origin":[8.0,4.0,8.0],"angle":22.5,"axis":"x"}},{"from":[4.0,-6.8,1.5],"to":[12.0,0.19999981,9.5],"faces":{"east":{"uv":[12.8675,6.7575,12.3825,7.1875],"tintindex":0,"rotation":0,"texture":"#0"},"south":{"uv":[12.8675,1.8825,12.3825,2.3125],"tintindex":0,"rotation":0,"texture":"#0"},"north":{"uv":[12.7425,11.8825,12.2575,12.3125],"tintindex":0,"rotation":0,"texture":"#0"},"west":{"uv":[12.8675,1.0075,12.3825,1.4375],"tintindex":0,"rotation":0,"texture":"#0"},"up":{"uv":[7.3825,9.7425,7.8675,9.2575],"tintindex":0,"rotation":0,"texture":"#0"},"down":{"uv":[11.2575,11.6325,11.7425,12.1175],"tintindex":0,"rotation":0,"texture":"#0"}}},{"from":[4.7,-2.8000002,-1.0],"to":[8.7,-0.8000002,3.0],"faces":{"east":{"uv":[12.8675,5.5075,12.6325,5.6175],"tintindex":0,"rotation":0,"texture":"#0"},"south":{"uv":[5.3675,12.6325,5.1325,12.7425],"tintindex":0,"rotation":0,"texture":"#0"},"north":{"uv":[10.2425,7.2575,10.0075,7.3675],"tintindex":0,"rotation":0,"texture":"#0"},"west":{"uv":[12.4925,0.3825,12.2575,0.4925],"tintindex":0,"rotation":0,"texture":"#0"},"up":{"uv":[4.0075,12.7425,4.2425,12.5075],"tintindex":0,"rotation":0,"texture":"#0"},"down":{"uv":[13.0075,10.8825,13.2425,11.1175],"tintindex":0,"rotation":0,"texture":"#0"}},"rotation":{"origin":[6.2,-1.8000002,1.5],"angle":-45.0,"axis":"y"}}],"display":{"head":{"rotation":[0.0,0.0,0.0]},"firstperson_righthand":{"rotation":[0.0,0.0,0.0]},"thirdperson_lefthand":{"rotation":[0.0,-0.0,-0.0]},"firstperson_lefthand":{"rotation":[0.0,-0.0,-0.0]},"fixed":{"rotation":[0.0,0.0,0.0]},"ground":{"rotation":[0.0,0.0,0.0]},"thirdperson_righthand":{"rotation":[0.0,0.0,0.0]},"gui":{"rotation":[-150.0,-45.0,180.0]}}}