{"textures":{"0":"modelengine:entity/illidan","particle":"#0"},"elements":[{"from":[13.5,11.0,11.0],"to":[15.5,13.0,15.0],"faces":{"east":{"uv":[1.3675,13.1325,1.1325,13.2425],"tintindex":0,"rotation":0,"texture":"#0"},"south":{"uv":[1.9925,10.3825,1.8825,10.4925],"tintindex":0,"rotation":0,"texture":"#0"},"north":{"uv":[5.4925,10.2575,5.3825,10.3675],"tintindex":0,"rotation":0,"texture":"#0"},"west":{"uv":[13.2425,0.7575,13.0075,0.8675],"tintindex":0,"rotation":0,"texture":"#0"},"up":{"uv":[10.8825,8.4925,10.9925,8.2575],"tintindex":0,"rotation":0,"texture":"#0"},"down":{"uv":[1.7575,11.0075,1.8675,11.2425],"tintindex":0,"rotation":0,"texture":"#0"}},"rotation":{"origin":[15.5,17.0,11.0],"angle":-45.0,"axis":"y"}},{"from":[16.5,0.0,5.0],"to":[16.5,4.0,11.0],"faces":{"east":{"uv":[2.2425,13.8825,1.8825,14.1175],"tintindex":0,"rotation":0,"texture":"#0"},"west":{"uv":[1.8675,13.8825,1.5075,14.1175],"tintindex":0,"rotation":0,"texture":"#0"}}},{"from":[13.5,11.0,5.0],"to":[15.5,13.0,11.0],"faces":{"east":{"uv":[1.6175,9.6325,1.2575,9.7425],"tintindex":0,"rotation":0,"texture":"#0"},"south":{"uv":[12.2425,6.0075,12.1325,6.1175],"tintindex":0,"rotation":0,"texture":"#0"},"north":{"uv":[11.8675,7.1325,11.7575,7.2425],"tintindex":0,"rotation":0,"texture":"#0"},"west":{"uv":[2.8675,9.1325,2.5075,9.2425],"tintindex":0,"rotation":0,"texture":"#0"},"up":{"uv":[8.1325,10.1175,8.2425,9.7575],"tintindex":0,"rotation":0,"texture":"#0"},"down":{"uv":[7.2575,10.0075,7.3675,10.3675],"tintindex":0,"rotation":0,"texture":"#0"}}},{"from":[14.5,4.0,5.0],"to":[16.5,11.0,11.0],"faces":{"east":{"uv":[13.3675,2.3825,13.0075,2.8125],"tintindex":0,"rotation":0,"texture":"#0"},"south":{"uv":[11.7425,14.5075,11.6325,14.9375],"tintindex":0,"rotation":0,"texture":"#0"},"north":{"uv":[9.7425,14.5075,9.6325,14.9375],"tintindex":0,"rotation":0,"texture":"#0"},"west":{"uv":[2.4925,13.0075,2.1325,13.4375],"tintindex":0,"rotation":0,"texture":"#0"},"up":{"uv":[0.6325,9.6175,0.7425,9.2575],"tintindex":0,"rotation":0,"texture":"#0"},"down":{"uv":[9.3825,8.0075,9.4925,8.3675],"tintindex":0,"rotation":0,"texture":"#0"}}},{"from":[5.6000004,-1.4000008,3.6000001],"to":[14.4,10.400001,12.4],"faces":{"east":{"uv":[2.8675,10.5075,2.3825,11.1875],"tintindex":0,"rotation":0,"texture":"#0"},"south":{"uv":[2.3675,10.5075,1.8825,11.1875],"tintindex":0,"rotation":0,"texture":"#0"},"north":{"uv":[7.7425,10.3825,7.2575,11.0625],"tintindex":0,"rotation":0,"texture":"#0"},"west":{"uv":[10.8675,10.0075,10.3825,10.6875],"tintindex":0,"rotation":0,"texture":"#0"},"up":{"uv":[11.7575,8.8675,12.2425,8.3825],"tintindex":0,"rotation":0,"texture":"#0"},"down":{"uv":[11.7575,8.8825,12.2425,9.3675],"tintindex":0,"rotation":0,"texture":"#0"}}},{"from":[14.5,4.0,11.0],"to":[16.5,11.0,15.0],"faces":{"east":{"uv":[13.8675,4.8825,13.6325,5.3125],"tintindex":0,"rotation":0,"texture":"#0"},"south":{"uv":[3.1175,14.6325,3.0075,15.0625],"tintindex":0,"rotation":0,"texture":"#0"},"north":{"uv":[2.9925,14.6325,2.8825,15.0625],"tintindex":0,"rotation":0,"texture":"#0"},"west":{"uv":[3.9925,13.6325,3.7575,14.0625],"tintindex":0,"rotation":0,"texture":"#0"},"up":{"uv":[6.5075,10.6175,6.6175,10.3825],"tintindex":0,"rotation":0,"texture":"#0"},"down":{"uv":[10.7575,6.5075,10.8675,6.7425],"tintindex":0,"rotation":0,"texture":"#0"}},"rotation":{"origin":[16.5,13.0,11.0],"angle":-45.0,"axis":"y"}},{"from":[13.5,11.0,1.0],"to":[15.5,13.0,5.0],"faces":{"east":{"uv":[13.4925,3.2575,13.2575,3.3675],"tintindex":0,"rotation":0,"texture":"#0"},"south":{"uv":[11.7425,3.6325,11.6325,3.7425],"tintindex":0,"rotation":0,"texture":"#0"},"north":{"uv":[10.9925,10.6325,10.8825,10.7425],"tintindex":0,"rotation":0,"texture":"#0"},"west":{"uv":[13.3675,3.7575,13.1325,3.8675],"tintindex":0,"rotation":0,"texture":"#0"},"up":{"uv":[11.6325,11.6175,11.7425,11.3825],"tintindex":0,"rotation":0,"texture":"#0"},"down":{"uv":[2.2575,11.7575,2.3675,11.9925],"tintindex":0,"rotation":0,"texture":"#0"}},"rotation":{"origin":[15.5,17.0,5.0],"angle":45.0,"axis":"y"}},{"from":[16.5,0.0,11.0],"to":[16.5,4.0,15.0],"faces":{"east":{"uv":[13.3675,4.8825,13.1325,5.1175],"tintindex":0,"rotation":0,"texture":"#0"},"west":{"uv":[11.4925,13.0075,11.2575,13.2425],"tintindex":0,"rotation":0,"texture":"#0"}},"rotation":{"origin":[16.5,6.0,11.0],"angle":-45.0,"axis":"y"}},{"from":[6.0,-8.0,4.0],"to":[14.0,-1.0,12.0],"faces":{"east":{"uv":[10.4925,12.5075,10.0075,12.9375],"tintindex":0,"rotation":0,"texture":"#0"},"south":{"uv":[9.9925,12.5075,9.5075,12.9375],"tintindex":0,"rotation":0,"texture":"#0"},"north":{"uv":[3.1175,12.5075,2.6325,12.9375],"tintindex":0,"rotation":0,"texture":"#0"},"west":{"uv":[12.9925,4.1325,12.5075,4.5625],"tintindex":0,"rotation":0,"texture":"#0"},"up":{"uv":[7.2575,12.2425,7.7425,11.7575],"tintindex":0,"rotation":0,"texture":"#0"},"down":{"uv":[11.7575,7.8825,12.2425,8.3675],"tintindex":0,"rotation":0,"texture":"#0"}}},{"from":[16.5,0.0,1.0],"to":[16.5,4.0,5.0],"faces":{"east":{"uv":[14.4925,9.7575,14.2575,9.9925],"tintindex":0,"rotation":0,"texture":"#0"},"west":{"uv":[14.4925,3.7575,14.2575,3.9925],"tintindex":0,"rotation":0,"texture":"#0"}},"rotation":{"origin":[16.5,6.0,5.0],"angle":45.0,"axis":"y"}},{"from":[6.6000004,-13.400001,3.1000001],"to":[13.4,-5.5999994,12.9],"faces":{"east":{"uv":[12.5625,5.1325,12.0075,5.5625],"tintindex":0,"rotation":0,"texture":"#0"},"south":{"uv":[2.1175,13.0075,1.7575,13.4375],"tintindex":0,"rotation":0,"texture":"#0"},"north":{"uv":[13.3675,1.3825,13.0075,1.8125],"tintindex":0,"rotation":0,"texture":"#0"},"west":{"uv":[12.5625,4.6325,12.0075,5.0625],"tintindex":0,"rotation":0,"texture":"#0"},"up":{"uv":[7.5075,13.1875,7.8675,12.6325],"tintindex":0,"rotation":0,"texture":"#0"},"down":{"uv":[7.8825,12.6325,8.2425,13.1875],"tintindex":0,"rotation":0,"texture":"#0"}}},{"from":[14.5,4.0,1.0],"to":[16.5,11.0,5.0],"faces":{"east":{"uv":[5.7425,13.5075,5.5075,13.9375],"tintindex":0,"rotation":0,"texture":"#0"},"south":{"uv":[2.8675,14.6325,2.7575,15.0625],"tintindex":0,"rotation":0,"texture":"#0"},"north":{"uv":[13.7425,14.5075,13.6325,14.9375],"tintindex":0,"rotation":0,"texture":"#0"},"west":{"uv":[9.1175,13.3825,8.8825,13.8125],"tintindex":0,"rotation":0,"texture":"#0"},"up":{"uv":[8.5075,2.7425,8.6175,2.5075],"tintindex":0,"rotation":0,"texture":"#0"},"down":{"uv":[6.1325,9.0075,6.2425,9.2425],"tintindex":0,"rotation":0,"texture":"#0"}},"rotation":{"origin":[16.5,13.0,5.0],"angle":45.0,"axis":"y"}}],"display":{"head":{"rotation":[0.0,0.0,0.0]},"firstperson_righthand":{"rotation":[0.0,0.0,0.0]},"thirdperson_lefthand":{"rotation":[0.0,-0.0,-0.0]},"firstperson_lefthand":{"rotation":[0.0,-0.0,-0.0]},"fixed":{"rotation":[0.0,0.0,0.0]},"ground":{"rotation":[0.0,0.0,0.0]},"thirdperson_righthand":{"rotation":[0.0,0.0,0.0]},"gui":{"rotation":[-150.0,-45.0,180.0]}}}