{"textures":{"0":"modelengine:entity/illidan","particle":"#0"},"elements":[{"from":[8.0,-14.0,4.0],"to":[16.0,-3.0,12.0],"faces":{"east":{"uv":[0.4925,10.6325,0.0075,11.3125],"tintindex":0,"rotation":0,"texture":"#0"},"south":{"uv":[10.9925,9.1325,10.5075,9.8125],"tintindex":0,"rotation":0,"texture":"#0"},"north":{"uv":[10.9925,2.5075,10.5075,3.1875],"tintindex":0,"rotation":0,"texture":"#0"},"west":{"uv":[10.9925,3.2575,10.5075,3.9375],"tintindex":0,"rotation":0,"texture":"#0"},"up":{"uv":[12.0075,0.9925,12.4925,0.5075],"tintindex":0,"rotation":0,"texture":"#0"},"down":{"uv":[2.2575,12.0075,2.7425,12.4925],"tintindex":0,"rotation":0,"texture":"#0"}}},{"from":[16.0,1.5,4.5],"to":[17.0,10.0,11.5],"faces":{"east":{"uv":[0.4375,12.1325,0.0075,12.6875],"tintindex":0,"rotation":0,"texture":"#0"},"south":{"uv":[8.5625,14.7575,8.5075,15.3125],"tintindex":0,"rotation":0,"texture":"#0"},"north":{"uv":[6.0625,14.7575,6.0075,15.3125],"tintindex":0,"rotation":0,"texture":"#0"},"west":{"uv":[6.3125,12.0075,5.8825,12.5625],"tintindex":0,"rotation":0,"texture":"#0"},"up":{"uv":[12.6325,15.3125,12.6875,14.8825],"tintindex":0,"rotation":0,"texture":"#0"},"down":{"uv":[12.7575,14.8825,12.8125,15.3125],"tintindex":0,"rotation":0,"texture":"#0"}}},{"from":[6.6000004,11.399999,4.1000004],"to":[14.400001,13.2,11.9],"faces":{"east":{"uv":[15.3125,11.8825,14.8825,11.9375],"tintindex":0,"rotation":0,"texture":"#0"},"south":{"uv":[15.3125,11.7575,14.8825,11.8125],"tintindex":0,"rotation":0,"texture":"#0"},"north":{"uv":[15.3125,11.6325,14.8825,11.6875],"tintindex":0,"rotation":0,"texture":"#0"},"west":{"uv":[12.1875,14.8825,11.7575,14.9375],"tintindex":0,"rotation":0,"texture":"#0"},"up":{"uv":[12.7575,12.3125,13.1875,11.8825],"tintindex":0,"rotation":0,"texture":"#0"},"down":{"uv":[12.7575,12.3825,13.1875,12.8125],"tintindex":0,"rotation":0,"texture":"#0"}}},{"from":[6.6000004,2.600003,2.1000001],"to":[16.400002,11.399997,13.9],"faces":{"east":{"uv":[7.1875,10.6325,6.5075,11.1175],"tintindex":0,"rotation":0,"texture":"#0"},"south":{"uv":[6.4375,11.5075,5.8825,11.9925],"tintindex":0,"rotation":0,"texture":"#0"},"north":{"uv":[12.0625,5.6325,11.5075,6.1175],"tintindex":0,"rotation":0,"texture":"#0"},"west":{"uv":[11.1875,1.0075,10.5075,1.4925],"tintindex":0,"rotation":0,"texture":"#0"},"up":{"uv":[9.7575,10.6875,10.3125,10.0075],"tintindex":0,"rotation":0,"texture":"#0"},"down":{"uv":[10.1325,6.0075,10.6875,6.6875],"tintindex":0,"rotation":0,"texture":"#0"}}},{"from":[7.1000004,-10.399997,2.1000001],"to":[16.900002,0.39999694,10.9],"faces":{"east":{"uv":[7.7425,11.1325,7.2575,11.7425],"tintindex":0,"rotation":0,"texture":"#0"},"south":{"uv":[1.8125,10.3825,1.2575,10.9925],"tintindex":0,"rotation":0,"texture":"#0"},"north":{"uv":[1.1875,10.3825,0.6325,10.9925],"tintindex":0,"rotation":0,"texture":"#0"},"west":{"uv":[7.2425,11.1325,6.7575,11.7425],"tintindex":0,"rotation":0,"texture":"#0"},"up":{"uv":[11.6325,1.9925,12.1875,1.5075],"tintindex":0,"rotation":0,"texture":"#0"},"down":{"uv":[11.6325,2.5075,12.1875,2.9925],"tintindex":0,"rotation":0,"texture":"#0"}}},{"from":[7.6000004,-3.399997,3.6000001],"to":[15.900001,6.3999968,12.4],"faces":{"east":{"uv":[5.8675,11.5075,5.3825,12.0625],"tintindex":0,"rotation":0,"texture":"#0"},"south":{"uv":[11.9925,5.0075,11.5075,5.5625],"tintindex":0,"rotation":0,"texture":"#0"},"north":{"uv":[11.8675,7.2575,11.3825,7.8125],"tintindex":0,"rotation":0,"texture":"#0"},"west":{"uv":[11.9925,4.3825,11.5075,4.9375],"tintindex":0,"rotation":0,"texture":"#0"},"up":{"uv":[11.8825,7.6175,12.3675,7.1325],"tintindex":0,"rotation":0,"texture":"#0"},"down":{"uv":[11.7575,11.8825,12.2425,12.3675],"tintindex":0,"rotation":0,"texture":"#0"}}}],"display":{"head":{"rotation":[0.0,0.0,0.0]},"firstperson_righthand":{"rotation":[0.0,0.0,0.0]},"thirdperson_lefthand":{"rotation":[0.0,-0.0,-0.0]},"firstperson_lefthand":{"rotation":[0.0,-0.0,-0.0]},"fixed":{"rotation":[0.0,0.0,0.0]},"ground":{"rotation":[0.0,0.0,0.0]},"thirdperson_righthand":{"rotation":[0.0,0.0,0.0]},"gui":{"rotation":[-150.0,-45.0,180.0]}}}