{"textures":{"0":"modelengine:entity/illidan","particle":"#0"},"elements":[{"from":[2.75,-7.0,8.5],"to":[7.25,9.0,8.5],"faces":{"south":{"uv":[5.625,6.5,6.18,8.485],"tintindex":0,"rotation":0,"texture":"#0"},"north":{"uv":[6.1875,6.5075,5.6325,8.4925],"tintindex":0,"rotation":0,"texture":"#0"}}},{"from":[7.0,7.0,7.0],"to":[9.0,9.0,9.0],"faces":{"east":{"uv":[14.7425,4.5075,14.5075,4.7425],"tintindex":0,"rotation":0,"texture":"#0"},"south":{"uv":[14.7425,4.2575,14.5075,4.4925],"tintindex":0,"rotation":0,"texture":"#0"},"north":{"uv":[4.1175,14.5075,3.8825,14.7425],"tintindex":0,"rotation":0,"texture":"#0"},"west":{"uv":[4.3675,14.5075,4.1325,14.7425],"tintindex":0,"rotation":0,"texture":"#0"},"up":{"uv":[14.5075,5.8675,14.7425,5.6325],"tintindex":0,"rotation":0,"texture":"#0"},"down":{"uv":[14.5075,5.8825,14.7425,6.1175],"tintindex":0,"rotation":0,"texture":"#0"}}},{"from":[8.75,-8.5,7.75],"to":[11.25,7.5,7.75],"faces":{"south":{"uv":[7.18,6.5,6.875,8.485],"tintindex":0,"rotation":0,"texture":"#0"},"north":{"uv":[6.875,6.5,7.18,8.485],"tintindex":0,"rotation":0,"texture":"#0"}}},{"from":[7.25,-7.0,7.25],"to":[8.75,7.0,8.75],"faces":{"east":{"uv":[11.3125,6.5075,11.1325,8.2425],"tintindex":0,"rotation":0,"texture":"#0"},"south":{"uv":[6.6875,11.1325,6.5075,12.8675],"tintindex":0,"rotation":0,"texture":"#0"},"north":{"uv":[11.1875,8.2575,11.0075,9.9925],"tintindex":0,"rotation":0,"texture":"#0"},"west":{"uv":[11.1875,10.0075,11.0075,11.7425],"tintindex":0,"rotation":0,"texture":"#0"},"up":{"uv":[7.7575,15.0625,7.9375,14.8825],"tintindex":0,"rotation":0,"texture":"#0"},"down":{"uv":[14.8825,7.7575,15.0625,7.9375],"tintindex":0,"rotation":0,"texture":"#0"}}}],"display":{"head":{"rotation":[0.0,0.0,0.0]},"firstperson_righthand":{"rotation":[0.0,0.0,0.0]},"thirdperson_lefthand":{"rotation":[0.0,-0.0,-0.0]},"firstperson_lefthand":{"rotation":[0.0,-0.0,-0.0]},"fixed":{"rotation":[0.0,0.0,0.0]},"ground":{"rotation":[0.0,0.0,0.0]},"thirdperson_righthand":{"rotation":[0.0,0.0,0.0]},"gui":{"rotation":[-150.0,-45.0,180.0]}}}