{"textures":{"0":"modelengine:entity/illidan","particle":"#0"},"elements":[{"from":[6.5,8.0,6.5],"to":[9.5,16.0,9.5],"faces":{"east":{"uv":[8.6325,13.7575,8.8125,14.2425],"tintindex":0,"rotation":0,"texture":"#0"},"south":{"uv":[10.6325,13.7575,10.8125,14.2425],"tintindex":0,"rotation":0,"texture":"#0"},"north":{"uv":[6.5075,13.6325,6.6875,14.1175],"tintindex":0,"rotation":0,"texture":"#0"},"west":{"uv":[13.1325,13.7575,13.3125,14.2425],"tintindex":0,"rotation":0,"texture":"#0"},"up":{"uv":[15.0625,3.1875,14.8825,3.0075],"tintindex":0,"rotation":0,"texture":"#0"},"down":{"uv":[15.0625,3.2575,14.8825,3.4375],"tintindex":0,"rotation":0,"texture":"#0"}}},{"from":[6.0,8.0,9.5],"to":[10.0,14.0,9.5],"faces":{"south":{"uv":[0.7425,13.8825,0.5075,14.2425],"tintindex":0,"rotation":0,"texture":"#0"},"north":{"uv":[14.1175,4.0075,13.8825,4.3675],"tintindex":0,"rotation":0,"texture":"#0"}},"rotation":{"origin":[8.0,8.0,9.5],"angle":22.5,"axis":"x"}},{"from":[6.5,8.0,6.0],"to":[6.5,14.0,10.0],"faces":{"east":{"uv":[11.0075,11.7575,11.2425,12.1175],"tintindex":0,"rotation":0,"texture":"#0"},"west":{"uv":[7.5075,12.2575,7.7425,12.6175],"tintindex":0,"rotation":0,"texture":"#0"}},"rotation":{"origin":[6.5,8.0,8.0],"angle":22.5,"axis":"z"}},{"from":[9.5,12.0,6.0],"to":[9.5,16.0,10.0],"faces":{"east":{"uv":[0.9925,14.3825,0.7575,14.6175],"tintindex":0,"rotation":0,"texture":"#0"},"west":{"uv":[0.2425,14.3825,0.0075,14.6175],"tintindex":0,"rotation":0,"texture":"#0"}},"rotation":{"origin":[9.5,12.0,8.0],"angle":-22.5,"axis":"z"}},{"from":[6.5,12.0,6.0],"to":[6.5,16.0,10.0],"faces":{"east":{"uv":[0.0075,14.3825,0.2425,14.6175],"tintindex":0,"rotation":0,"texture":"#0"},"west":{"uv":[0.7575,14.3825,0.9925,14.6175],"tintindex":0,"rotation":0,"texture":"#0"}},"rotation":{"origin":[6.5,12.0,8.0],"angle":22.5,"axis":"z"}},{"from":[6.0,8.0,6.5],"to":[10.0,14.0,6.5],"faces":{"south":{"uv":[13.8825,4.0075,14.1175,4.3675],"tintindex":0,"rotation":0,"texture":"#0"},"north":{"uv":[0.5075,13.8825,0.7425,14.2425],"tintindex":0,"rotation":0,"texture":"#0"}},"rotation":{"origin":[8.0,8.0,6.5],"angle":-22.5,"axis":"x"}},{"from":[6.0,12.0,9.5],"to":[10.0,16.0,9.5],"faces":{"south":{"uv":[1.2425,14.3825,1.0075,14.6175],"tintindex":0,"rotation":0,"texture":"#0"},"north":{"uv":[1.4925,14.3825,1.2575,14.6175],"tintindex":0,"rotation":0,"texture":"#0"}},"rotation":{"origin":[8.0,12.0,9.5],"angle":22.5,"axis":"x"}},{"from":[9.5,8.0,6.0],"to":[9.5,14.0,10.0],"faces":{"east":{"uv":[7.7425,12.2575,7.5075,12.6175],"tintindex":0,"rotation":0,"texture":"#0"},"west":{"uv":[11.2425,11.7575,11.0075,12.1175],"tintindex":0,"rotation":0,"texture":"#0"}},"rotation":{"origin":[9.5,8.0,8.0],"angle":-22.5,"axis":"z"}},{"from":[6.0,12.0,6.5],"to":[10.0,16.0,6.5],"faces":{"south":{"uv":[1.2575,14.3825,1.4925,14.6175],"tintindex":0,"rotation":0,"texture":"#0"},"north":{"uv":[1.0075,14.3825,1.2425,14.6175],"tintindex":0,"rotation":0,"texture":"#0"}},"rotation":{"origin":[8.0,12.0,6.5],"angle":-22.5,"axis":"x"}}],"display":{"head":{"rotation":[0.0,0.0,0.0]},"firstperson_righthand":{"rotation":[0.0,0.0,0.0]},"thirdperson_lefthand":{"rotation":[0.0,-0.0,-0.0]},"firstperson_lefthand":{"rotation":[0.0,-0.0,-0.0]},"fixed":{"rotation":[0.0,0.0,0.0]},"ground":{"rotation":[0.0,0.0,0.0]},"thirdperson_righthand":{"rotation":[0.0,0.0,0.0]},"gui":{"rotation":[-150.0,-45.0,180.0]}}}