{"textures":{"0":"modelengine:entity/illidan","particle":"#0"},"elements":[{"from":[6.0,12.0,6.5],"to":[10.0,16.0,6.5],"faces":{"south":{"uv":[2.8825,14.3825,3.1175,14.6175],"tintindex":0,"rotation":0,"texture":"#0"},"north":{"uv":[2.6325,14.3825,2.8675,14.6175],"tintindex":0,"rotation":0,"texture":"#0"}},"rotation":{"origin":[8.0,12.0,6.5],"angle":-22.5,"axis":"x"}},{"from":[6.0,8.0,9.5],"to":[10.0,14.0,9.5],"faces":{"south":{"uv":[6.3675,13.8825,6.1325,14.2425],"tintindex":0,"rotation":0,"texture":"#0"},"north":{"uv":[6.9925,13.8825,6.7575,14.2425],"tintindex":0,"rotation":0,"texture":"#0"}},"rotation":{"origin":[8.0,8.0,9.5],"angle":22.5,"axis":"x"}},{"from":[6.5,8.0,6.5],"to":[9.5,16.0,9.5],"faces":{"east":{"uv":[4.6325,13.8825,4.8125,14.3675],"tintindex":0,"rotation":0,"texture":"#0"},"south":{"uv":[4.8825,13.8825,5.0625,14.3675],"tintindex":0,"rotation":0,"texture":"#0"},"north":{"uv":[4.3825,13.8825,4.5625,14.3675],"tintindex":0,"rotation":0,"texture":"#0"},"west":{"uv":[13.8825,4.8825,14.0625,5.3675],"tintindex":0,"rotation":0,"texture":"#0"},"up":{"uv":[15.0625,3.6875,14.8825,3.5075],"tintindex":0,"rotation":0,"texture":"#0"},"down":{"uv":[15.0625,4.0075,14.8825,4.1875],"tintindex":0,"rotation":0,"texture":"#0"}}},{"from":[9.5,12.0,6.0],"to":[9.5,16.0,10.0],"faces":{"east":{"uv":[2.6175,14.3825,2.3825,14.6175],"tintindex":0,"rotation":0,"texture":"#0"},"west":{"uv":[1.7425,14.3825,1.5075,14.6175],"tintindex":0,"rotation":0,"texture":"#0"}},"rotation":{"origin":[9.5,12.0,8.0],"angle":-22.5,"axis":"z"}},{"from":[6.0,8.0,6.5],"to":[10.0,14.0,6.5],"faces":{"south":{"uv":[6.7575,13.8825,6.9925,14.2425],"tintindex":0,"rotation":0,"texture":"#0"},"north":{"uv":[6.1325,13.8825,6.3675,14.2425],"tintindex":0,"rotation":0,"texture":"#0"}},"rotation":{"origin":[8.0,8.0,6.5],"angle":-22.5,"axis":"x"}},{"from":[6.0,12.0,9.5],"to":[10.0,16.0,9.5],"faces":{"south":{"uv":[2.8675,14.3825,2.6325,14.6175],"tintindex":0,"rotation":0,"texture":"#0"},"north":{"uv":[3.1175,14.3825,2.8825,14.6175],"tintindex":0,"rotation":0,"texture":"#0"}},"rotation":{"origin":[8.0,12.0,9.5],"angle":22.5,"axis":"x"}},{"from":[9.5,8.0,6.0],"to":[9.5,14.0,10.0],"faces":{"east":{"uv":[14.1175,5.3825,13.8825,5.7425],"tintindex":0,"rotation":0,"texture":"#0"},"west":{"uv":[5.3675,13.8825,5.1325,14.2425],"tintindex":0,"rotation":0,"texture":"#0"}},"rotation":{"origin":[9.5,8.0,8.0],"angle":-22.5,"axis":"z"}},{"from":[6.5,8.0,6.0],"to":[6.5,14.0,10.0],"faces":{"east":{"uv":[5.1325,13.8825,5.3675,14.2425],"tintindex":0,"rotation":0,"texture":"#0"},"west":{"uv":[13.8825,5.3825,14.1175,5.7425],"tintindex":0,"rotation":0,"texture":"#0"}},"rotation":{"origin":[6.5,8.0,8.0],"angle":22.5,"axis":"z"}},{"from":[6.5,12.0,6.0],"to":[6.5,16.0,10.0],"faces":{"east":{"uv":[1.5075,14.3825,1.7425,14.6175],"tintindex":0,"rotation":0,"texture":"#0"},"west":{"uv":[2.3825,14.3825,2.6175,14.6175],"tintindex":0,"rotation":0,"texture":"#0"}},"rotation":{"origin":[6.5,12.0,8.0],"angle":22.5,"axis":"z"}}],"display":{"head":{"rotation":[0.0,0.0,0.0]},"firstperson_righthand":{"rotation":[0.0,0.0,0.0]},"thirdperson_lefthand":{"rotation":[0.0,-0.0,-0.0]},"firstperson_lefthand":{"rotation":[0.0,-0.0,-0.0]},"fixed":{"rotation":[0.0,0.0,0.0]},"ground":{"rotation":[0.0,0.0,0.0]},"thirdperson_righthand":{"rotation":[0.0,0.0,0.0]},"gui":{"rotation":[-150.0,-45.0,180.0]}}}