{"textures":{"0":"modelengine:entity/illidan","particle":"#0"},"elements":[{"from":[5.5,8.0,10.0],"to":[10.5,14.000008,10.0],"faces":{"south":{"uv":[13.9375,0.7575,13.6325,1.1175],"tintindex":0,"rotation":0,"texture":"#0"},"north":{"uv":[1.4375,13.6325,1.1325,13.9925],"tintindex":0,"rotation":0,"texture":"#0"}},"rotation":{"origin":[8.0,8.0,10.0],"angle":22.5,"axis":"x"}},{"from":[10.0,8.0,5.5],"to":[10.0,14.000008,10.5],"faces":{"east":{"uv":[1.0625,13.6325,0.7575,13.9925],"tintindex":0,"rotation":0,"texture":"#0"},"west":{"uv":[13.9375,0.3825,13.6325,0.7425],"tintindex":0,"rotation":0,"texture":"#0"}},"rotation":{"origin":[10.0,8.0,8.0],"angle":-22.5,"axis":"z"}},{"from":[6.0,12.000008,5.5],"to":[6.0,16.000008,10.5],"faces":{"east":{"uv":[14.1325,7.0075,14.4375,7.2425],"tintindex":0,"rotation":0,"texture":"#0"},"west":{"uv":[7.7575,14.1325,8.0625,14.3675],"tintindex":0,"rotation":0,"texture":"#0"}},"rotation":{"origin":[6.0,12.000008,8.0],"angle":22.5,"axis":"z"}},{"from":[5.5,8.0,6.0],"to":[10.5,14.000008,6.0],"faces":{"south":{"uv":[1.1325,13.6325,1.4375,13.9925],"tintindex":0,"rotation":0,"texture":"#0"},"north":{"uv":[13.6325,0.7575,13.9375,1.1175],"tintindex":0,"rotation":0,"texture":"#0"}},"rotation":{"origin":[8.0,8.0,6.0],"angle":-22.5,"axis":"x"}},{"from":[6.0,8.0,6.0],"to":[10.0,12.000008,10.0],"faces":{"east":{"uv":[12.3825,14.2575,12.6175,14.4925],"tintindex":0,"rotation":0,"texture":"#0"},"south":{"uv":[13.1325,14.2575,13.3675,14.4925],"tintindex":0,"rotation":0,"texture":"#0"},"north":{"uv":[11.5075,14.2575,11.7425,14.4925],"tintindex":0,"rotation":0,"texture":"#0"},"west":{"uv":[14.2575,13.7575,14.4925,13.9925],"tintindex":0,"rotation":0,"texture":"#0"},"up":{"uv":[14.4925,14.2425,14.2575,14.0075],"tintindex":0,"rotation":0,"texture":"#0"},"down":{"uv":[14.4925,14.2575,14.2575,14.4925],"tintindex":0,"rotation":0,"texture":"#0"}}},{"from":[5.5,12.000008,6.0],"to":[10.5,16.000008,6.0],"faces":{"south":{"uv":[9.1325,14.1325,9.4375,14.3675],"tintindex":0,"rotation":0,"texture":"#0"},"north":{"uv":[8.1325,14.1325,8.4375,14.3675],"tintindex":0,"rotation":0,"texture":"#0"}},"rotation":{"origin":[8.0,12.000008,6.0],"angle":-22.5,"axis":"x"}},{"from":[5.5,12.000008,10.0],"to":[10.5,16.000008,10.0],"faces":{"south":{"uv":[8.4375,14.1325,8.1325,14.3675],"tintindex":0,"rotation":0,"texture":"#0"},"north":{"uv":[9.4375,14.1325,9.1325,14.3675],"tintindex":0,"rotation":0,"texture":"#0"}},"rotation":{"origin":[8.0,12.000008,10.0],"angle":22.5,"axis":"x"}},{"from":[10.0,12.000008,5.5],"to":[10.0,16.000008,10.5],"faces":{"east":{"uv":[8.0625,14.1325,7.7575,14.3675],"tintindex":0,"rotation":0,"texture":"#0"},"west":{"uv":[14.4375,7.0075,14.1325,7.2425],"tintindex":0,"rotation":0,"texture":"#0"}},"rotation":{"origin":[10.0,12.000008,8.0],"angle":-22.5,"axis":"z"}},{"from":[6.5,12.000008,6.5],"to":[9.5,16.000008,9.5],"faces":{"east":{"uv":[8.0075,14.6325,8.1875,14.8675],"tintindex":0,"rotation":0,"texture":"#0"},"south":{"uv":[14.6325,8.1325,14.8125,8.3675],"tintindex":0,"rotation":0,"texture":"#0"},"north":{"uv":[14.6325,7.8825,14.8125,8.1175],"tintindex":0,"rotation":0,"texture":"#0"},"west":{"uv":[8.2575,14.6325,8.4375,14.8675],"tintindex":0,"rotation":0,"texture":"#0"},"up":{"uv":[15.0625,2.6875,14.8825,2.5075],"tintindex":0,"rotation":0,"texture":"#0"},"down":{"uv":[15.0625,2.7575,14.8825,2.9375],"tintindex":0,"rotation":0,"texture":"#0"}}},{"from":[6.0,8.0,5.5],"to":[6.0,14.000008,10.5],"faces":{"east":{"uv":[13.6325,0.3825,13.9375,0.7425],"tintindex":0,"rotation":0,"texture":"#0"},"west":{"uv":[0.7575,13.6325,1.0625,13.9925],"tintindex":0,"rotation":0,"texture":"#0"}},"rotation":{"origin":[6.0,8.0,8.0],"angle":22.5,"axis":"z"}}],"display":{"head":{"rotation":[0.0,0.0,0.0]},"firstperson_righthand":{"rotation":[0.0,0.0,0.0]},"thirdperson_lefthand":{"rotation":[0.0,-0.0,-0.0]},"firstperson_lefthand":{"rotation":[0.0,-0.0,-0.0]},"fixed":{"rotation":[0.0,0.0,0.0]},"ground":{"rotation":[0.0,0.0,0.0]},"thirdperson_righthand":{"rotation":[0.0,0.0,0.0]},"gui":{"rotation":[-150.0,-45.0,180.0]}}}