{"textures":{"0":"modelengine:entity/illidan","particle":"#0"},"elements":[{"from":[10.5,12.0,5.5],"to":[10.5,18.0,10.5],"faces":{"east":{"uv":[13.8125,5.3825,13.5075,5.7425],"tintindex":0,"rotation":0,"texture":"#0"},"west":{"uv":[5.4375,13.5075,5.1325,13.8675],"tintindex":0,"rotation":0,"texture":"#0"}},"rotation":{"origin":[10.5,12.0,8.0],"angle":-22.5,"axis":"z"}},{"from":[5.5,8.0,5.5],"to":[10.5,14.0,5.5],"faces":{"south":{"uv":[6.7575,13.5075,7.0625,13.8675],"tintindex":0,"rotation":0,"texture":"#0"},"north":{"uv":[6.1325,13.5075,6.4375,13.8675],"tintindex":0,"rotation":0,"texture":"#0"}},"rotation":{"origin":[8.0,8.0,5.5],"angle":-22.5,"axis":"x"}},{"from":[5.5,8.0,5.5],"to":[5.5,14.0,10.5],"faces":{"east":{"uv":[4.3825,13.5075,4.6875,13.8675],"tintindex":0,"rotation":0,"texture":"#0"},"west":{"uv":[4.7575,13.5075,5.0625,13.8675],"tintindex":0,"rotation":0,"texture":"#0"}},"rotation":{"origin":[5.5,8.0,8.0],"angle":22.5,"axis":"z"}},{"from":[5.5,8.0,5.5],"to":[10.5,16.0,10.5],"faces":{"east":{"uv":[10.8825,13.0075,11.1875,13.4925],"tintindex":0,"rotation":0,"texture":"#0"},"south":{"uv":[13.0075,12.8825,13.3125,13.3675],"tintindex":0,"rotation":0,"texture":"#0"},"north":{"uv":[6.7575,13.0075,7.0625,13.4925],"tintindex":0,"rotation":0,"texture":"#0"},"west":{"uv":[0.7575,13.1325,1.0625,13.6175],"tintindex":0,"rotation":0,"texture":"#0"},"up":{"uv":[9.8125,14.0625,9.5075,13.7575],"tintindex":0,"rotation":0,"texture":"#0"},"down":{"uv":[14.0625,9.7575,13.7575,10.0625],"tintindex":0,"rotation":0,"texture":"#0"}}},{"from":[5.5,12.0,5.5],"to":[5.5,18.0,10.5],"faces":{"east":{"uv":[5.1325,13.5075,5.4375,13.8675],"tintindex":0,"rotation":0,"texture":"#0"},"west":{"uv":[13.5075,5.3825,13.8125,5.7425],"tintindex":0,"rotation":0,"texture":"#0"}},"rotation":{"origin":[5.5,12.0,8.0],"angle":22.5,"axis":"z"}},{"from":[5.5,12.0,10.5],"to":[10.5,18.0,10.5],"faces":{"south":{"uv":[13.8125,6.7575,13.5075,7.1175],"tintindex":0,"rotation":0,"texture":"#0"},"north":{"uv":[13.8125,7.1325,13.5075,7.4925],"tintindex":0,"rotation":0,"texture":"#0"}},"rotation":{"origin":[8.0,12.0,10.5],"angle":22.5,"axis":"x"}},{"from":[10.5,8.0,5.5],"to":[10.5,14.0,10.5],"faces":{"east":{"uv":[5.0625,13.5075,4.7575,13.8675],"tintindex":0,"rotation":0,"texture":"#0"},"west":{"uv":[4.6875,13.5075,4.3825,13.8675],"tintindex":0,"rotation":0,"texture":"#0"}},"rotation":{"origin":[10.5,8.0,8.0],"angle":-22.5,"axis":"z"}},{"from":[5.5,8.0,10.5],"to":[10.5,14.0,10.5],"faces":{"south":{"uv":[6.4375,13.5075,6.1325,13.8675],"tintindex":0,"rotation":0,"texture":"#0"},"north":{"uv":[7.0625,13.5075,6.7575,13.8675],"tintindex":0,"rotation":0,"texture":"#0"}},"rotation":{"origin":[8.0,8.0,10.5],"angle":22.5,"axis":"x"}},{"from":[5.5,12.0,5.5],"to":[10.5,18.0,5.5],"faces":{"south":{"uv":[13.5075,7.1325,13.8125,7.4925],"tintindex":0,"rotation":0,"texture":"#0"},"north":{"uv":[13.5075,6.7575,13.8125,7.1175],"tintindex":0,"rotation":0,"texture":"#0"}},"rotation":{"origin":[8.0,12.0,5.5],"angle":-22.5,"axis":"x"}}],"display":{"head":{"rotation":[0.0,0.0,0.0]},"firstperson_righthand":{"rotation":[0.0,0.0,0.0]},"thirdperson_lefthand":{"rotation":[0.0,-0.0,-0.0]},"firstperson_lefthand":{"rotation":[0.0,-0.0,-0.0]},"fixed":{"rotation":[0.0,0.0,0.0]},"ground":{"rotation":[0.0,0.0,0.0]},"thirdperson_righthand":{"rotation":[0.0,0.0,0.0]},"gui":{"rotation":[-150.0,-45.0,180.0]}}}