{"textures":{"0":"modelengine:entity/illidan","particle":"#0"},"elements":[{"from":[6.0,16.0,7.5],"to":[10.0,22.0,7.5],"faces":{"south":{"uv":[1.4925,14.0075,1.2575,14.3675],"tintindex":0,"rotation":0,"texture":"#0"},"north":{"uv":[0.735,13.875,0.5,14.235],"tintindex":0,"rotation":0,"texture":"#0"}},"rotation":{"origin":[8.0,16.0,7.5],"angle":22.5,"axis":"x"}},{"from":[7.5,16.0,6.0],"to":[7.5,22.0,10.0],"faces":{"east":{"uv":[1.485,14.0,1.25,14.36],"tintindex":0,"rotation":0,"texture":"#0"},"west":{"uv":[1.485,14.0,1.25,14.36],"tintindex":0,"rotation":0,"texture":"#0"}},"rotation":{"origin":[7.5,16.0,8.0],"angle":-22.5,"axis":"z"}},{"from":[6.0,16.0,8.5],"to":[10.0,22.0,8.5],"faces":{"south":{"uv":[0.5,13.875,0.735,14.235],"tintindex":0,"rotation":0,"texture":"#0"},"north":{"uv":[1.2575,14.0075,1.4925,14.3675],"tintindex":0,"rotation":0,"texture":"#0"}},"rotation":{"origin":[8.0,16.0,8.5],"angle":-22.5,"axis":"x"}},{"from":[6.5,12.0,6.0],"to":[6.5,16.0,10.0],"faces":{"east":{"uv":[14.3825,3.5075,14.6175,3.7425],"tintindex":0,"rotation":0,"texture":"#0"},"west":{"uv":[14.3825,4.0075,14.6175,4.2425],"tintindex":0,"rotation":0,"texture":"#0"}},"rotation":{"origin":[6.5,12.0,8.0],"angle":22.5,"axis":"z"}},{"from":[6.0,12.0,9.5],"to":[10.0,16.0,9.5],"faces":{"south":{"uv":[4.6175,14.3825,4.3825,14.6175],"tintindex":0,"rotation":0,"texture":"#0"},"north":{"uv":[4.8675,14.3825,4.6325,14.6175],"tintindex":0,"rotation":0,"texture":"#0"}},"rotation":{"origin":[8.0,12.0,9.5],"angle":22.5,"axis":"x"}},{"from":[6.5,8.0,6.0],"to":[6.5,14.0,10.0],"faces":{"east":{"uv":[13.8825,10.5075,14.1175,10.8675],"tintindex":0,"rotation":0,"texture":"#0"},"west":{"uv":[14.0075,0.0075,14.2425,0.3675],"tintindex":0,"rotation":0,"texture":"#0"}},"rotation":{"origin":[6.5,8.0,8.0],"angle":22.5,"axis":"z"}},{"from":[6.0,8.0,6.5],"to":[10.0,14.0,6.5],"faces":{"south":{"uv":[0.7575,14.0075,0.9925,14.3675],"tintindex":0,"rotation":0,"texture":"#0"},"north":{"uv":[14.0075,0.3825,14.2425,0.7425],"tintindex":0,"rotation":0,"texture":"#0"}},"rotation":{"origin":[8.0,8.0,6.5],"angle":-22.5,"axis":"x"}},{"from":[6.0,12.0,6.5],"to":[10.0,16.0,6.5],"faces":{"south":{"uv":[4.6325,14.3825,4.8675,14.6175],"tintindex":0,"rotation":0,"texture":"#0"},"north":{"uv":[4.3825,14.3825,4.6175,14.6175],"tintindex":0,"rotation":0,"texture":"#0"}},"rotation":{"origin":[8.0,12.0,6.5],"angle":-22.5,"axis":"x"}},{"from":[6.5,8.0,6.5],"to":[9.5,16.0,9.5],"faces":{"east":{"uv":[8.8825,13.8825,9.0625,14.3675],"tintindex":0,"rotation":0,"texture":"#0"},"south":{"uv":[10.8825,13.8825,11.0625,14.3675],"tintindex":0,"rotation":0,"texture":"#0"},"north":{"uv":[13.8825,6.7575,14.0625,7.2425],"tintindex":0,"rotation":0,"texture":"#0"},"west":{"uv":[13.3825,13.8825,13.5625,14.3675],"tintindex":0,"rotation":0,"texture":"#0"},"up":{"uv":[15.0625,4.4375,14.8825,4.2575],"tintindex":0,"rotation":0,"texture":"#0"},"down":{"uv":[15.0625,4.5075,14.8825,4.6875],"tintindex":0,"rotation":0,"texture":"#0"}}},{"from":[8.5,16.0,6.0],"to":[8.5,22.0,10.0],"faces":{"east":{"uv":[1.25,14.0,1.485,14.36],"tintindex":0,"rotation":0,"texture":"#0"},"west":{"uv":[1.25,14.0,1.485,14.36],"tintindex":0,"rotation":0,"texture":"#0"}},"rotation":{"origin":[8.5,16.0,8.0],"angle":22.5,"axis":"z"}},{"from":[9.5,12.0,6.0],"to":[9.5,16.0,10.0],"faces":{"east":{"uv":[14.6175,4.0075,14.3825,4.2425],"tintindex":0,"rotation":0,"texture":"#0"},"west":{"uv":[14.6175,3.5075,14.3825,3.7425],"tintindex":0,"rotation":0,"texture":"#0"}},"rotation":{"origin":[9.5,12.0,8.0],"angle":-22.5,"axis":"z"}},{"from":[6.0,8.0,9.5],"to":[10.0,14.0,9.5],"faces":{"south":{"uv":[14.2425,0.3825,14.0075,0.7425],"tintindex":0,"rotation":0,"texture":"#0"},"north":{"uv":[0.9925,14.0075,0.7575,14.3675],"tintindex":0,"rotation":0,"texture":"#0"}},"rotation":{"origin":[8.0,8.0,9.5],"angle":22.5,"axis":"x"}},{"from":[9.5,8.0,6.0],"to":[9.5,14.0,10.0],"faces":{"east":{"uv":[14.2425,0.0075,14.0075,0.3675],"tintindex":0,"rotation":0,"texture":"#0"},"west":{"uv":[14.1175,10.5075,13.8825,10.8675],"tintindex":0,"rotation":0,"texture":"#0"}},"rotation":{"origin":[9.5,8.0,8.0],"angle":-22.5,"axis":"z"}}],"display":{"head":{"rotation":[0.0,0.0,0.0]},"firstperson_righthand":{"rotation":[0.0,0.0,0.0]},"thirdperson_lefthand":{"rotation":[0.0,-0.0,-0.0]},"firstperson_lefthand":{"rotation":[0.0,-0.0,-0.0]},"fixed":{"rotation":[0.0,0.0,0.0]},"ground":{"rotation":[0.0,0.0,0.0]},"thirdperson_righthand":{"rotation":[0.0,0.0,0.0]},"gui":{"rotation":[-150.0,-45.0,180.0]}}}