{"textures":{"0":"modelengine:entity/illidan","particle":"#0"},"elements":[{"from":[6.5,8.0,6.5],"to":[9.5,14.0,9.5],"faces":{"east":{"uv":[14.2575,0.0075,14.4375,0.3675],"tintindex":0,"rotation":0,"texture":"#0"},"south":{"uv":[14.2575,0.3825,14.4375,0.7425],"tintindex":0,"rotation":0,"texture":"#0"},"north":{"uv":[14.1325,13.1325,14.3125,13.4925],"tintindex":0,"rotation":0,"texture":"#0"},"west":{"uv":[0.5075,14.2575,0.6875,14.6175],"tintindex":0,"rotation":0,"texture":"#0"},"up":{"uv":[15.0625,2.1875,14.8825,2.0075],"tintindex":0,"rotation":0,"texture":"#0"},"down":{"uv":[15.0625,2.2575,14.8825,2.4375],"tintindex":0,"rotation":0,"texture":"#0"}}}],"display":{"head":{"rotation":[0.0,0.0,0.0]},"firstperson_righthand":{"rotation":[0.0,0.0,0.0]},"thirdperson_lefthand":{"rotation":[0.0,-0.0,-0.0]},"firstperson_lefthand":{"rotation":[0.0,-0.0,-0.0]},"fixed":{"rotation":[0.0,0.0,0.0]},"ground":{"rotation":[0.0,0.0,0.0]},"thirdperson_righthand":{"rotation":[0.0,0.0,0.0]},"gui":{"rotation":[-150.0,-45.0,180.0]}}}