{"textures":{"0":"modelengine:entity/illidan","particle":"#0"},"elements":[{"from":[6.0,12.0,5.5],"to":[6.0,16.000008,10.5],"faces":{"east":{"uv":[5.6325,14.1325,5.9375,14.3675],"tintindex":0,"rotation":0,"texture":"#0"},"west":{"uv":[14.1325,5.6325,14.4375,5.8675],"tintindex":0,"rotation":0,"texture":"#0"}},"rotation":{"origin":[6.0,12.0,8.0],"angle":22.5,"axis":"z"}},{"from":[10.0,12.0,5.5],"to":[10.0,16.000008,10.5],"faces":{"east":{"uv":[14.4375,5.6325,14.1325,5.8675],"tintindex":0,"rotation":0,"texture":"#0"},"west":{"uv":[5.9375,14.1325,5.6325,14.3675],"tintindex":0,"rotation":0,"texture":"#0"}},"rotation":{"origin":[10.0,12.0,8.0],"angle":-22.5,"axis":"z"}},{"from":[5.5,8.0,10.0],"to":[10.5,14.0,10.0],"faces":{"south":{"uv":[13.6875,13.5075,13.3825,13.8675],"tintindex":0,"rotation":0,"texture":"#0"},"north":{"uv":[13.9375,0.0075,13.6325,0.3675],"tintindex":0,"rotation":0,"texture":"#0"}},"rotation":{"origin":[8.0,8.0,10.0],"angle":22.5,"axis":"x"}},{"from":[5.5,12.0,10.0],"to":[10.5,16.000008,10.0],"faces":{"south":{"uv":[14.4375,5.8825,14.1325,6.1175],"tintindex":0,"rotation":0,"texture":"#0"},"north":{"uv":[14.4375,6.7575,14.1325,6.9925],"tintindex":0,"rotation":0,"texture":"#0"}},"rotation":{"origin":[8.0,12.0,10.0],"angle":22.5,"axis":"x"}},{"from":[6.0,8.0,5.5],"to":[6.0,14.0,10.5],"faces":{"east":{"uv":[13.5075,10.5075,13.8125,10.8675],"tintindex":0,"rotation":0,"texture":"#0"},"west":{"uv":[10.8825,13.5075,11.1875,13.8675],"tintindex":0,"rotation":0,"texture":"#0"}},"rotation":{"origin":[6.0,8.0,8.0],"angle":22.5,"axis":"z"}},{"from":[10.0,8.0,5.5],"to":[10.0,14.0,10.5],"faces":{"east":{"uv":[11.1875,13.5075,10.8825,13.8675],"tintindex":0,"rotation":0,"texture":"#0"},"west":{"uv":[13.8125,10.5075,13.5075,10.8675],"tintindex":0,"rotation":0,"texture":"#0"}},"rotation":{"origin":[10.0,8.0,8.0],"angle":-22.5,"axis":"z"}},{"from":[5.5,12.0,6.0],"to":[10.5,16.000008,6.0],"faces":{"south":{"uv":[14.1325,6.7575,14.4375,6.9925],"tintindex":0,"rotation":0,"texture":"#0"},"north":{"uv":[14.1325,5.8825,14.4375,6.1175],"tintindex":0,"rotation":0,"texture":"#0"}},"rotation":{"origin":[8.0,12.0,6.0],"angle":-22.5,"axis":"x"}},{"from":[5.5,8.0,6.0],"to":[10.5,14.0,6.0],"faces":{"south":{"uv":[13.6325,0.0075,13.9375,0.3675],"tintindex":0,"rotation":0,"texture":"#0"},"north":{"uv":[13.3825,13.5075,13.6875,13.8675],"tintindex":0,"rotation":0,"texture":"#0"}},"rotation":{"origin":[8.0,8.0,6.0],"angle":-22.5,"axis":"x"}},{"from":[6.0,8.0,6.0],"to":[10.0,16.000008,10.0],"faces":{"east":{"uv":[6.2575,13.0075,6.4925,13.4925],"tintindex":0,"rotation":0,"texture":"#0"},"south":{"uv":[1.5075,13.2575,1.7425,13.7425],"tintindex":0,"rotation":0,"texture":"#0"},"north":{"uv":[0.7575,8.5075,0.9925,8.9925],"tintindex":0,"rotation":0,"texture":"#0"},"west":{"uv":[13.3825,1.1325,13.6175,1.6175],"tintindex":0,"rotation":0,"texture":"#0"},"up":{"uv":[14.4925,11.2425,14.2575,11.0075],"tintindex":0,"rotation":0,"texture":"#0"},"down":{"uv":[14.4925,11.2575,14.2575,11.4925],"tintindex":0,"rotation":0,"texture":"#0"}}}],"display":{"head":{"rotation":[0.0,0.0,0.0]},"firstperson_righthand":{"rotation":[0.0,0.0,0.0]},"thirdperson_lefthand":{"rotation":[0.0,-0.0,-0.0]},"firstperson_lefthand":{"rotation":[0.0,-0.0,-0.0]},"fixed":{"rotation":[0.0,0.0,0.0]},"ground":{"rotation":[0.0,0.0,0.0]},"thirdperson_righthand":{"rotation":[0.0,0.0,0.0]},"gui":{"rotation":[-150.0,-45.0,180.0]}}}